Topic,CurrentAssessment,Basis,ImpactOnClaims,RecommendedFollowOn,Status
Direct path,"Newton -3.3 dBm after antenna and Hudson -10.7 dBm after antenna are both strong enough to justify a reference-channel attenuation plan.",Sourced plus inferred,illuminator viability; capturability,"Use a dedicated attenuated reference path during capture.",monitor
Target path,"Deterministic Longley-Rice rerun over the recovered saved ROI gives mean target-path powers of -67.56 dBm for Newton and -70.62 dBm for Hudson. The inherited placeholder is gone, but the estimate still depends on recovered geometry and the legacy ERP-as-effective-power simplification.",Deterministic local rerun,bistatic detectability plausibility,"Promote the recovered ROI to an explicit checked-in geometry input if confidence needs to increase.",monitor
Noise figure,"System NF closes at 3.57 dB for Newton and 3.44 dB for Hudson with the current LNA plus TwinRX assumptions.",Assumed RF chain,capturability; detectability plausibility,"Measure the assembled chain NF if confidence needs to increase.",monitor
Gain allocation,"Current cascade gain closes near 47.9 dB for Newton and 47.8 dB for Hudson; gain can be trimmed in software before capture if needed.",Assumed RF chain,capturability,"Retune USRP gain during bench verification before field use.",monitor
Headroom,"Direct-path outputs exceed the recommended TwinRX input window by 59.6 dB (Newton) and 52.2 dB (Hudson) without attenuation.",Assumed RF chain,capturability,"Bench-check ADC headroom with the actual direct-path signal present.",open
Selectivity,"The 25 C S-parameter file shows insertion loss near 0.73 dB at 599 MHz and 0.79 dB at 551 MHz, but adjacent-channel rejection still lacks field verification.",Measured filter S-parameters plus missing field survey,capturability,"Run a spectrum analyzer survey and verify adjacent-channel suppression in situ.",open
IF rationale,"The active working set uses a direct-sampling TwinRX chain. Legacy IF and external-mixer scripts are retained only as quick-look history, not as final evidence.",Working-set decision,capturability,"Do not route final decisions through the archived IF scripts.",closed for this pass
Adjacent channel and interference,"No field spectrum survey or measured interference data is present in the repo, so adjacent-channel exposure remains an open risk rather than a closed claim.",Gap in local evidence,capturability; detectability plausibility,"Add a field survey step before claiming deployed robustness.",open
Model boundary,"This pass is a system precheck only. It does not validate clutter rejection, DSI cancellation, synchronization, calibration, or measured field detectability.",Deliberate scope boundary,all claims,"Keep the final story framed as plausibility, not validation.",closed for this pass
