relativeSourceFile,sourceFileSHA256,sessionID,campaignID,captureTimeUtc,receiverOriginSource,legacy_pre3day_v1,campaign_3day_increment_v1,expanded_post3day_v2
adsb_archive/adsb_archive/testing_machine/captures/20260611T170630/truth/0_20260611_170632_adsb_20260611T170630.txt.gz,EB1BD898CBE50E42AC95DB6D7C26FFC5C6D3FB399B56E0DF635AE28D4F8F6DEF,20260611T170630,legacy_pre3day,11-Jun-2026 17:06:30,default,1,0,1
adsb_archive/adsb_archive/testing_machine/captures/20260615T103437/truth/0_20260615_103439_adsb_20260615T103437.txt.gz,D0C9B714E8175BEF4EDC2A64955014A69BA476E4CE4B4AFDF1067C2A02BBFB1B,20260615T103437,legacy_pre3day,15-Jun-2026 10:34:37,default,1,0,1
adsb_archive/adsb_archive/testing_machine/captures/20260616T090717/truth/0_20260616_090718_adsb_20260616T090717.txt.gz,56AB4F8752FC9A91DB9514716C1B86222505711974DF8CE3669096933126B3D1,20260616T090717,legacy_pre3day,16-Jun-2026 09:07:17,default,1,0,1
adsb_archive/adsb_archive/testing_machine/captures/20260616T131954/truth/0_20260616_131956_adsb_20260616T131954.txt.gz,76EB3FCD6A74164B5FE7B103C9DEDAA64660CF4E28CE091877295E98A01E8EE9,20260616T131954,legacy_pre3day,16-Jun-2026 13:19:54,default,1,0,1
adsb_archive/adsb_archive/testing_machine/captures/20260616T160702/truth/0_20260616_160703_adsb_20260616T160702.txt.gz,B41F8B4A4E2437AF2D5D3C55709A0A5957AF283082A5F571CC5F777EB06BC21B,20260616T160702,legacy_pre3day,16-Jun-2026 16:07:02,default,1,0,1
adsb_archive/adsb_archive/testing_machine/captures/20260618T160532/truth/0_20260618_160533_adsb_20260618T160532.txt.gz,CCCF460821D3BF2C975C8A6E17CE230CC4F3B46DACDA235484921884C30A0AFA,20260618T160532,legacy_pre3day,18-Jun-2026 16:05:32,default,1,0,1
adsb_archive/adsb_archive/testing_machine/captures/20260622T102123/truth/0_20260622_102124_adsb_20260622T102123.txt.gz,493D4E9586A347D163C254520EF65C587C7EC8CBD6FDEA2CCC266455AFB9DE97,20260622T102123,legacy_pre3day,22-Jun-2026 10:21:23,default,1,0,1
adsb_archive/adsb_archive/testing_machine/captures/20260622T102532/truth/0_20260622_102533_adsb_20260622T102532.txt.gz,47CCF6566E0B3C241F9C4FE040DEB46E3A38E5982323698E093A1A7263768329,20260622T102532,legacy_pre3day,22-Jun-2026 10:25:32,default,1,0,1
adsb_archive/adsb_archive/testing_machine/captures/20260622T102954/truth/0_20260622_102955_adsb_20260622T102954.txt.gz,AB677B221350CE58258807C5E26B45EF7FFB4BC0CD276BF211AE7B5A2AFB51B7,20260622T102954,legacy_pre3day,22-Jun-2026 10:29:54,default,1,0,1
adsb_archive/adsb_archive/testing_machine/captures/20260708T092917/truth/0_20260708_092920_adsb_20260708T092917.txt.gz,03C1B58186CA98290F9E98828E5D613F1FC06B8124C2E4CE76A1D3CA03FB90A2,20260708T092917,legacy_pre3day,08-Jul-2026 09:29:17,default,1,0,1
adsb_archive/adsb_archive/testing_machine/captures/20260708T135521/truth/0_20260708_135522_adsb_20260708T135521.txt.gz,E4473FA2927A2E32A9850D25DD12141B39E4B02A622CB6321441566C79CBAAD2,20260708T135521,legacy_pre3day,08-Jul-2026 13:55:21,default,1,0,1
adsb_archive/adsb_archive/testing_machine/captures/20260708T155008/truth/0_20260708_155009_adsb_20260708T155008.txt.gz,0166677EF900896F9354D72B4CCEF9AE386D1B9C1916CA58C46D50768128BDEC,20260708T155008,legacy_pre3day,08-Jul-2026 15:50:08,default,1,0,1
adsb_archive/adsb_archive/testing_machine/captures/20260713T150404/truth/0_20260713_150418_adsb_20260713T150404.txt.gz,A7231395A9E8958EB638FE146832B9FDEF8B1442094A9A815EF83B82F78AD9FC,20260713T150404,legacy_pre3day,13-Jul-2026 15:04:04,default,1,0,1
adsb_archive/adsb_archive/testing_machine/captures/20260713T161352/truth/0_20260713_161354_adsb_20260713T161352.txt.gz,4A63199F68DCFA772A3531BB48289C23D74934448BE6C176B776B9E91585FDE7,20260713T161352,legacy_pre3day,13-Jul-2026 16:13:52,default,1,0,1
adsb_archive/adsb_archive/testing_machine/captures/20260720T140156/truth/0_20260720_140157_adsb_20260720T140156.txt.gz,D030C16C6B050EA4C0D0E253AC162365454D6A8E8BBB398B621E42B7AB55AAD8,20260720T140156,legacy_pre3day,20-Jul-2026 14:01:56,default,1,0,1
adsb_archive/adsb_archive/testing_machine/captures/20260720T143012/truth/0_20260720_143014_adsb_20260720T143012.txt.gz,DE646CC42D356CEFD460A56524C725FCE5EB74786471F232521EEEECB8EAE021,20260720T143012,legacy_pre3day,20-Jul-2026 14:30:12,default,1,0,1
adsb_archive/adsb_archive/testing_machine/captures/stage4B_3Day_nohup_20260819T132526Z_w001_20260819T132740Z/truth/0_20260819_092742_adsb_stage4B_3Day_nohup_20260819T132526Z_w001_20260819T132740Z.txt.gz,1E01D3C7CB6223A5D3C7C09CAE3B6A5A918F75EE1297A93F4EE12CBD3CB498DA,stage4B_3Day_nohup_20260819T132526Z_w001_20260819T132740Z,stage4B_3Day_nohup_20260819T132526Z,19-Aug-2026 13:27:41,session_manifest,0,1,1
adsb_archive/adsb_archive/testing_machine/captures/stage4B_3Day_nohup_20260819T132526Z_w002_20260819T135740Z/truth/0_20260819_095741_adsb_stage4B_3Day_nohup_20260819T132526Z_w002_20260819T135740Z.txt.gz,E9954DDE48F6D1F22E5823C84F47007CA1B8540F34838464272111B5DCD0E4F4,stage4B_3Day_nohup_20260819T132526Z_w002_20260819T135740Z,stage4B_3Day_nohup_20260819T132526Z,19-Aug-2026 13:57:40,session_manifest,0,1,1
adsb_archive/adsb_archive/testing_machine/captures/stage4B_3Day_nohup_20260819T132526Z_w003_20260819T142740Z/truth/0_20260819_102741_adsb_stage4B_3Day_nohup_20260819T132526Z_w003_20260819T142740Z.txt.gz,6AE4E635C2458F23C9973BF0BBFEF7F3FC756D375468774E3DB6CC69CBC8971D,stage4B_3Day_nohup_20260819T132526Z_w003_20260819T142740Z,stage4B_3Day_nohup_20260819T132526Z,19-Aug-2026 14:27:40,session_manifest,0,1,1
adsb_archive/adsb_archive/testing_machine/captures/stage4B_3Day_nohup_20260819T132526Z_w004_20260819T145740Z/truth/0_20260819_105741_adsb_stage4B_3Day_nohup_20260819T132526Z_w004_20260819T145740Z.txt.gz,0E59D51F2DCA7172A0DF13FB6E7419488F5252E18A9F59187F1EAB1D0BF7631D,stage4B_3Day_nohup_20260819T132526Z_w004_20260819T145740Z,stage4B_3Day_nohup_20260819T132526Z,19-Aug-2026 14:57:40,session_manifest,0,1,1
adsb_archive/adsb_archive/testing_machine/captures/stage4B_3Day_nohup_20260819T132526Z_w005_20260819T152740Z/truth/0_20260819_112741_adsb_stage4B_3Day_nohup_20260819T132526Z_w005_20260819T152740Z.txt.gz,A589578A6BD87899CA94E564E34AA39932E112EF33EFCA21C11059D8568D10DB,stage4B_3Day_nohup_20260819T132526Z_w005_20260819T152740Z,stage4B_3Day_nohup_20260819T132526Z,19-Aug-2026 15:27:40,session_manifest,0,1,1
adsb_archive/adsb_archive/testing_machine/captures/stage4B_3Day_nohup_20260819T132526Z_w006_20260819T155740Z/truth/0_20260819_115741_adsb_stage4B_3Day_nohup_20260819T132526Z_w006_20260819T155740Z.txt.gz,592A20503872921C066A53254DF8B6C355EAC2EDBF5324D308793E98549734CD,stage4B_3Day_nohup_20260819T132526Z_w006_20260819T155740Z,stage4B_3Day_nohup_20260819T132526Z,19-Aug-2026 15:57:40,session_manifest,0,1,1
adsb_archive/adsb_archive/testing_machine/captures/stage4B_3Day_nohup_20260819T132526Z_w007_20260819T162740Z/truth/0_20260819_122741_adsb_stage4B_3Day_nohup_20260819T132526Z_w007_20260819T162740Z.txt.gz,6DBCAB9A14E98F21E62DFA6A5F21616384C58DA27AF03F5A3C0CA385E57254D6,stage4B_3Day_nohup_20260819T132526Z_w007_20260819T162740Z,stage4B_3Day_nohup_20260819T132526Z,19-Aug-2026 16:27:40,session_manifest,0,1,1
adsb_archive/adsb_archive/testing_machine/captures/stage4B_3Day_nohup_20260819T132526Z_w008_20260819T165740Z/truth/0_20260819_125741_adsb_stage4B_3Day_nohup_20260819T132526Z_w008_20260819T165740Z.txt.gz,DE9C294BA0A27ACC53A5EF291C2D43575ACE22E63F74B095F4E8C38709C22E62,stage4B_3Day_nohup_20260819T132526Z_w008_20260819T165740Z,stage4B_3Day_nohup_20260819T132526Z,19-Aug-2026 16:57:40,session_manifest,0,1,1
adsb_archive/adsb_archive/testing_machine/captures/stage4B_3Day_nohup_20260819T132526Z_w009_20260819T172740Z/truth/0_20260819_132741_adsb_stage4B_3Day_nohup_20260819T132526Z_w009_20260819T172740Z.txt.gz,DE1A45B452F8A5E1336F20DFCD77B09E72E0AC2EBC592CB8AB57269D9662487F,stage4B_3Day_nohup_20260819T132526Z_w009_20260819T172740Z,stage4B_3Day_nohup_20260819T132526Z,19-Aug-2026 17:27:40,session_manifest,0,1,1
adsb_archive/adsb_archive/testing_machine/captures/stage4B_3Day_nohup_20260819T132526Z_w010_20260819T175740Z/truth/0_20260819_135741_adsb_stage4B_3Day_nohup_20260819T132526Z_w010_20260819T175740Z.txt.gz,48E4A86774AF4F07DF83E37884D3CCD2F1CCE6F30FB1CB5F2552EEEECA96C9E3,stage4B_3Day_nohup_20260819T132526Z_w010_20260819T175740Z,stage4B_3Day_nohup_20260819T132526Z,19-Aug-2026 17:57:40,session_manifest,0,1,1
adsb_archive/adsb_archive/testing_machine/captures/stage4B_3Day_nohup_20260819T132526Z_w011_20260819T182740Z/truth/0_20260819_142741_adsb_stage4B_3Day_nohup_20260819T132526Z_w011_20260819T182740Z.txt.gz,1D6D0A85356AEE2D046A49481D5AE6D7B79FB16279594B9A1661841DAC0307D1,stage4B_3Day_nohup_20260819T132526Z_w011_20260819T182740Z,stage4B_3Day_nohup_20260819T132526Z,19-Aug-2026 18:27:40,session_manifest,0,1,1
adsb_archive/adsb_archive/testing_machine/captures/stage4B_3Day_nohup_20260819T132526Z_w012_20260819T185740Z/truth/0_20260819_145741_adsb_stage4B_3Day_nohup_20260819T132526Z_w012_20260819T185740Z.txt.gz,4E1FBB89C3BB7586153D66F2E5A9D1CBD29E656BEA08D464CC3EE968E49734EC,stage4B_3Day_nohup_20260819T132526Z_w012_20260819T185740Z,stage4B_3Day_nohup_20260819T132526Z,19-Aug-2026 18:57:40,session_manifest,0,1,1
adsb_archive/adsb_archive/testing_machine/captures/stage4B_3Day_nohup_20260819T132526Z_w013_20260819T192740Z/truth/0_20260819_152741_adsb_stage4B_3Day_nohup_20260819T132526Z_w013_20260819T192740Z.txt.gz,57A767881E068CE6CB1D7539B234EEAB889B7639A1C1F76F2761FB7C5439B557,stage4B_3Day_nohup_20260819T132526Z_w013_20260819T192740Z,stage4B_3Day_nohup_20260819T132526Z,19-Aug-2026 19:27:40,session_manifest,0,1,1
adsb_archive/adsb_archive/testing_machine/captures/stage4B_3Day_nohup_20260819T132526Z_w014_20260819T195740Z/truth/0_20260819_155741_adsb_stage4B_3Day_nohup_20260819T132526Z_w014_20260819T195740Z.txt.gz,D11460E4EDB481BC38449676EEED0880EFB0026DE98BD87633BBEB52C198D795,stage4B_3Day_nohup_20260819T132526Z_w014_20260819T195740Z,stage4B_3Day_nohup_20260819T132526Z,19-Aug-2026 19:57:40,session_manifest,0,1,1
adsb_archive/adsb_archive/testing_machine/captures/stage4B_3Day_nohup_20260819T132526Z_w015_20260819T202740Z/truth/0_20260819_162741_adsb_stage4B_3Day_nohup_20260819T132526Z_w015_20260819T202740Z.txt.gz,FCE4737EA7346DE0986CF906CD380839641F22B5ABBF57E28F9917AC576D4B54,stage4B_3Day_nohup_20260819T132526Z_w015_20260819T202740Z,stage4B_3Day_nohup_20260819T132526Z,19-Aug-2026 20:27:40,session_manifest,0,1,1
adsb_archive/adsb_archive/testing_machine/captures/stage4B_3Day_nohup_20260819T132526Z_w016_20260819T205740Z/truth/0_20260819_165742_adsb_stage4B_3Day_nohup_20260819T132526Z_w016_20260819T205740Z.txt.gz,EF3985F9161697DDF6351807BDB9C4536481202AFD5FD20231806CA4663238CD,stage4B_3Day_nohup_20260819T132526Z_w016_20260819T205740Z,stage4B_3Day_nohup_20260819T132526Z,19-Aug-2026 20:57:41,session_manifest,0,1,1
adsb_archive/adsb_archive/testing_machine/captures/stage4B_3Day_nohup_20260819T132526Z_w017_20260819T212740Z/truth/0_20260819_172741_adsb_stage4B_3Day_nohup_20260819T132526Z_w017_20260819T212740Z.txt.gz,C4ADC5F9BC8B5D4C0276EE4808F18940648F2B4915B223392F58B96B878CA671,stage4B_3Day_nohup_20260819T132526Z_w017_20260819T212740Z,stage4B_3Day_nohup_20260819T132526Z,19-Aug-2026 21:27:40,session_manifest,0,1,1
adsb_archive/adsb_archive/testing_machine/captures/stage4B_3Day_nohup_20260819T132526Z_w018_20260819T215740Z/truth/0_20260819_175741_adsb_stage4B_3Day_nohup_20260819T132526Z_w018_20260819T215740Z.txt.gz,21F54D7EE2CA3757A678B86976F459741DFDF4F93C78AEFAB28B87BF574D7E68,stage4B_3Day_nohup_20260819T132526Z_w018_20260819T215740Z,stage4B_3Day_nohup_20260819T132526Z,19-Aug-2026 21:57:40,session_manifest,0,1,1
adsb_archive/adsb_archive/testing_machine/captures/stage4B_3Day_nohup_20260819T132526Z_w019_20260819T222740Z/truth/0_20260819_182742_adsb_stage4B_3Day_nohup_20260819T132526Z_w019_20260819T222740Z.txt.gz,313872D17220600159F9CEFD5B70D1FE5DAC16AC2A53A3F9B14F229D4B28AB0B,stage4B_3Day_nohup_20260819T132526Z_w019_20260819T222740Z,stage4B_3Day_nohup_20260819T132526Z,19-Aug-2026 22:27:40,session_manifest,0,1,1
adsb_archive/adsb_archive/testing_machine/captures/stage4B_3Day_nohup_20260819T132526Z_w020_20260819T225740Z/truth/0_20260819_185741_adsb_stage4B_3Day_nohup_20260819T132526Z_w020_20260819T225740Z.txt.gz,2D13D1CFCA1CE03A96C6983C2C31C9605A6787832B2622B0106BE097D5663FA1,stage4B_3Day_nohup_20260819T132526Z_w020_20260819T225740Z,stage4B_3Day_nohup_20260819T132526Z,19-Aug-2026 22:57:40,session_manifest,0,1,1
adsb_archive/adsb_archive/testing_machine/captures/stage4B_3Day_nohup_20260819T132526Z_w021_20260819T232740Z/truth/0_20260819_192741_adsb_stage4B_3Day_nohup_20260819T132526Z_w021_20260819T232740Z.txt.gz,B12842C26467DE075E1D86A4292720B0BBC8FA7408C5673685AA85C7E7CB0760,stage4B_3Day_nohup_20260819T132526Z_w021_20260819T232740Z,stage4B_3Day_nohup_20260819T132526Z,19-Aug-2026 23:27:40,session_manifest,0,1,1
adsb_archive/adsb_archive/testing_machine/captures/stage4B_3Day_nohup_20260819T132526Z_w022_20260819T235740Z/truth/0_20260819_195741_adsb_stage4B_3Day_nohup_20260819T132526Z_w022_20260819T235740Z.txt.gz,8AC8B5E4D1E2F08FD0CB489416F99845D5A8BA39D98087CB81CFE733188ED05E,stage4B_3Day_nohup_20260819T132526Z_w022_20260819T235740Z,stage4B_3Day_nohup_20260819T132526Z,19-Aug-2026 23:57:40,session_manifest,0,1,1
adsb_archive/adsb_archive/testing_machine/captures/stage4B_3Day_nohup_20260819T132526Z_w023_20260820T002740Z/truth/0_20260819_202741_adsb_stage4B_3Day_nohup_20260819T132526Z_w023_20260820T002740Z.txt.gz,1AD87AB8B0CFBE189C04C8A01653C73AC40974225F70F708FF76E829F026CD0C,stage4B_3Day_nohup_20260819T132526Z_w023_20260820T002740Z,stage4B_3Day_nohup_20260819T132526Z,20-Aug-2026 00:27:40,session_manifest,0,1,1
adsb_archive/adsb_archive/testing_machine/captures/stage4B_3Day_nohup_20260819T132526Z_w024_20260820T005740Z/truth/0_20260819_205742_adsb_stage4B_3Day_nohup_20260819T132526Z_w024_20260820T005740Z.txt.gz,A12A20F0C959419E3EB7317A50CEDBA59E8B1AF1AC01C870697C83C2B09AD67F,stage4B_3Day_nohup_20260819T132526Z_w024_20260820T005740Z,stage4B_3Day_nohup_20260819T132526Z,20-Aug-2026 00:57:40,session_manifest,0,1,1
adsb_archive/adsb_archive/testing_machine/captures/stage4B_3Day_nohup_20260819T132526Z_w025_20260820T012740Z/truth/0_20260819_212741_adsb_stage4B_3Day_nohup_20260819T132526Z_w025_20260820T012740Z.txt.gz,F4AADBD86190EC1E41AF70EBAF5BD07A480490CC90884A85E8A70C680AEC8964,stage4B_3Day_nohup_20260819T132526Z_w025_20260820T012740Z,stage4B_3Day_nohup_20260819T132526Z,20-Aug-2026 01:27:40,session_manifest,0,1,1
adsb_archive/adsb_archive/testing_machine/captures/stage4B_3Day_nohup_20260819T132526Z_w026_20260820T015740Z/truth/0_20260819_215742_adsb_stage4B_3Day_nohup_20260819T132526Z_w026_20260820T015740Z.txt.gz,711CDC92D9494F8172A671A8407F60632550892DB084631DF9B47EB3F113D9A0,stage4B_3Day_nohup_20260819T132526Z_w026_20260820T015740Z,stage4B_3Day_nohup_20260819T132526Z,20-Aug-2026 01:57:40,session_manifest,0,1,1
adsb_archive/adsb_archive/testing_machine/captures/stage4B_3Day_nohup_20260819T132526Z_w027_20260820T022740Z/truth/0_20260819_222741_adsb_stage4B_3Day_nohup_20260819T132526Z_w027_20260820T022740Z.txt.gz,F2612C17CA8AF80CE9911DC5264589D207CCE4B7A8258942799F18D5E7DC5F3A,stage4B_3Day_nohup_20260819T132526Z_w027_20260820T022740Z,stage4B_3Day_nohup_20260819T132526Z,20-Aug-2026 02:27:40,session_manifest,0,1,1
adsb_archive/adsb_archive/testing_machine/captures/stage4B_3Day_nohup_20260819T132526Z_w028_20260820T025740Z/truth/0_20260819_225741_adsb_stage4B_3Day_nohup_20260819T132526Z_w028_20260820T025740Z.txt.gz,65C5E81BEE906E70C0DE0DCBF415A264B39AA776F754DDDBB47E5568D08911D9,stage4B_3Day_nohup_20260819T132526Z_w028_20260820T025740Z,stage4B_3Day_nohup_20260819T132526Z,20-Aug-2026 02:57:40,session_manifest,0,1,1
adsb_archive/adsb_archive/testing_machine/captures/stage4B_3Day_nohup_20260819T132526Z_w029_20260820T032740Z/truth/0_20260819_232741_adsb_stage4B_3Day_nohup_20260819T132526Z_w029_20260820T032740Z.txt.gz,1D9A32C07B78A50CD4218C8D39D63CEB8F3F6BE5254B0AD5B0F19422427FA03D,stage4B_3Day_nohup_20260819T132526Z_w029_20260820T032740Z,stage4B_3Day_nohup_20260819T132526Z,20-Aug-2026 03:27:40,session_manifest,0,1,1
adsb_archive/adsb_archive/testing_machine/captures/stage4B_3Day_nohup_20260819T132526Z_w030_20260820T035740Z/truth/0_20260819_235742_adsb_stage4B_3Day_nohup_20260819T132526Z_w030_20260820T035740Z.txt.gz,52195650C4CA417E93E76BBDA597E2DFA86381DEDFAEDB1B44B084BB180DC8D7,stage4B_3Day_nohup_20260819T132526Z_w030_20260820T035740Z,stage4B_3Day_nohup_20260819T132526Z,20-Aug-2026 03:57:40,session_manifest,0,1,1
adsb_archive/adsb_archive/testing_machine/captures/stage4B_3Day_nohup_20260819T132526Z_w031_20260820T042740Z/truth/0_20260820_002741_adsb_stage4B_3Day_nohup_20260819T132526Z_w031_20260820T042740Z.txt.gz,0D5D3CDC4C57D83D59CEF0BC68249A70830529C983A73D63E6791C2A8F2A7EC1,stage4B_3Day_nohup_20260819T132526Z_w031_20260820T042740Z,stage4B_3Day_nohup_20260819T132526Z,20-Aug-2026 04:27:40,session_manifest,0,1,1
adsb_archive/adsb_archive/testing_machine/captures/stage4B_3Day_nohup_20260819T132526Z_w032_20260820T045740Z/truth/0_20260820_005742_adsb_stage4B_3Day_nohup_20260819T132526Z_w032_20260820T045740Z.txt.gz,395B04A1C60753CBAC50C508304061BA1D33764922A52DB89AD49310CBF245B5,stage4B_3Day_nohup_20260819T132526Z_w032_20260820T045740Z,stage4B_3Day_nohup_20260819T132526Z,20-Aug-2026 04:57:40,session_manifest,0,1,1
adsb_archive/adsb_archive/testing_machine/captures/stage4B_3Day_nohup_20260819T132526Z_w033_20260820T052740Z/truth/0_20260820_012741_adsb_stage4B_3Day_nohup_20260819T132526Z_w033_20260820T052740Z.txt.gz,54B496C55CE5D36478F4F1F23A753225F1B5C3C7F7F0862E7B48E123619C6B57,stage4B_3Day_nohup_20260819T132526Z_w033_20260820T052740Z,stage4B_3Day_nohup_20260819T132526Z,20-Aug-2026 05:27:40,session_manifest,0,1,1
adsb_archive/adsb_archive/testing_machine/captures/stage4B_3Day_nohup_20260819T132526Z_w034_20260820T055740Z/truth/0_20260820_020135_adsb_stage4B_3Day_nohup_20260819T132526Z_w034_20260820T055740Z.txt.gz,14AA50FD1603B673785EA9D4C3280FB25C0D4547E7076DDDA8B038632406F4EC,stage4B_3Day_nohup_20260819T132526Z_w034_20260820T055740Z,stage4B_3Day_nohup_20260819T132526Z,20-Aug-2026 05:57:41,session_manifest,0,1,1
adsb_archive/adsb_archive/testing_machine/captures/stage4B_3Day_nohup_20260819T132526Z_w035_20260820T062740Z/truth/0_20260820_023413_adsb_stage4B_3Day_nohup_20260819T132526Z_w035_20260820T062740Z.txt.gz,9DB5D3961B940976A2502FD1B0C2663BBD4C77776F9134678FE988D261849BEA,stage4B_3Day_nohup_20260819T132526Z_w035_20260820T062740Z,stage4B_3Day_nohup_20260819T132526Z,20-Aug-2026 06:27:40,session_manifest,0,1,1
adsb_archive/adsb_archive/testing_machine/captures/stage4B_3Day_nohup_20260819T132526Z_w036_20260820T065740Z/truth/0_20260820_025742_adsb_stage4B_3Day_nohup_20260819T132526Z_w036_20260820T065740Z.txt.gz,6C0ABFDC936ABED803BBCC6054AF1C70B9B49D41E1033CF7CF34712B17CE0B3B,stage4B_3Day_nohup_20260819T132526Z_w036_20260820T065740Z,stage4B_3Day_nohup_20260819T132526Z,20-Aug-2026 06:57:40,session_manifest,0,1,1
adsb_archive/adsb_archive/testing_machine/captures/stage4B_3Day_nohup_20260819T132526Z_w037_20260820T072740Z/truth/0_20260820_033012_adsb_stage4B_3Day_nohup_20260819T132526Z_w037_20260820T072740Z.txt.gz,064225B0FFEC0DB5DF7C964B53881A1198C7E234FF30B5C81AA88A1B8CCAE15C,stage4B_3Day_nohup_20260819T132526Z_w037_20260820T072740Z,stage4B_3Day_nohup_20260819T132526Z,20-Aug-2026 07:27:40,session_manifest,0,1,1
adsb_archive/adsb_archive/testing_machine/captures/stage4B_3Day_nohup_20260819T132526Z_w038_20260820T075740Z/truth/0_20260820_035742_adsb_stage4B_3Day_nohup_20260819T132526Z_w038_20260820T075740Z.txt.gz,E0D60D6D9E29BAB0EA368A254D79E05F39EC1111E25B1BE451AEF0C5655B259D,stage4B_3Day_nohup_20260819T132526Z_w038_20260820T075740Z,stage4B_3Day_nohup_20260819T132526Z,20-Aug-2026 07:57:40,session_manifest,0,1,1
adsb_archive/adsb_archive/testing_machine/captures/stage4B_3Day_nohup_20260819T132526Z_w039_20260820T082740Z/truth/0_20260820_043338_adsb_stage4B_3Day_nohup_20260819T132526Z_w039_20260820T082740Z.txt.gz,C515879162246CA5B4CA5CEF26DCCD673835A42B230FA57480C2CEF851932B83,stage4B_3Day_nohup_20260819T132526Z_w039_20260820T082740Z,stage4B_3Day_nohup_20260819T132526Z,20-Aug-2026 08:27:40,session_manifest,0,1,1
adsb_archive/adsb_archive/testing_machine/captures/stage4B_3Day_nohup_20260819T132526Z_w040_20260820T085740Z/truth/0_20260820_045741_adsb_stage4B_3Day_nohup_20260819T132526Z_w040_20260820T085740Z.txt.gz,3EEB8594D742582CECE21B7A0657FB9120146D7632BF0AF22ACFEB45D8F7373E,stage4B_3Day_nohup_20260819T132526Z_w040_20260820T085740Z,stage4B_3Day_nohup_20260819T132526Z,20-Aug-2026 08:57:40,session_manifest,0,1,1
adsb_archive/adsb_archive/testing_machine/captures/stage4B_3Day_nohup_20260819T132526Z_w041_20260820T092740Z/truth/0_20260820_052741_adsb_stage4B_3Day_nohup_20260819T132526Z_w041_20260820T092740Z.txt.gz,6E595BED77C68F57ED4B8FAE79C8E83A92973E9202834801743909BA4AEA6A2A,stage4B_3Day_nohup_20260819T132526Z_w041_20260820T092740Z,stage4B_3Day_nohup_20260819T132526Z,20-Aug-2026 09:27:40,session_manifest,0,1,1
adsb_archive/adsb_archive/testing_machine/captures/stage4B_3Day_nohup_20260819T132526Z_w042_20260820T095740Z/truth/0_20260820_055741_adsb_stage4B_3Day_nohup_20260819T132526Z_w042_20260820T095740Z.txt.gz,D04A0511EA7EFFC48BBFA5C396F13083D04C056670FC245EDA7568AB9D95C710,stage4B_3Day_nohup_20260819T132526Z_w042_20260820T095740Z,stage4B_3Day_nohup_20260819T132526Z,20-Aug-2026 09:57:40,session_manifest,0,1,1
adsb_archive/adsb_archive/testing_machine/captures/stage4B_3Day_nohup_20260819T132526Z_w043_20260820T102740Z/truth/0_20260820_062741_adsb_stage4B_3Day_nohup_20260819T132526Z_w043_20260820T102740Z.txt.gz,9DCA7EBE7DAE40883BE8314F53A86B6FFA8EE2553EA4854CA66474DEF686BE31,stage4B_3Day_nohup_20260819T132526Z_w043_20260820T102740Z,stage4B_3Day_nohup_20260819T132526Z,20-Aug-2026 10:27:40,session_manifest,0,1,1
adsb_archive/adsb_archive/testing_machine/captures/stage4B_3Day_nohup_20260819T132526Z_w044_20260820T105740Z/truth/0_20260820_065741_adsb_stage4B_3Day_nohup_20260819T132526Z_w044_20260820T105740Z.txt.gz,4CBC609B323CD3E3A3F5C06D37B4005E73D6E9B7ACCD036F5309D7BE97C2B6E3,stage4B_3Day_nohup_20260819T132526Z_w044_20260820T105740Z,stage4B_3Day_nohup_20260819T132526Z,20-Aug-2026 10:57:40,session_manifest,0,1,1
adsb_archive/adsb_archive/testing_machine/captures/stage4B_3Day_nohup_20260819T132526Z_w045_20260820T112740Z/truth/0_20260820_072741_adsb_stage4B_3Day_nohup_20260819T132526Z_w045_20260820T112740Z.txt.gz,2DDAA0810497288102FC81C5509F03897A4B00E3346DC7477D455171D2B3AC2D,stage4B_3Day_nohup_20260819T132526Z_w045_20260820T112740Z,stage4B_3Day_nohup_20260819T132526Z,20-Aug-2026 11:27:40,session_manifest,0,1,1
adsb_archive/adsb_archive/testing_machine/captures/stage4B_3Day_nohup_20260819T132526Z_w046_20260820T115740Z/truth/0_20260820_075741_adsb_stage4B_3Day_nohup_20260819T132526Z_w046_20260820T115740Z.txt.gz,5B591634E3B3CA8D631D039D7BD5332C1C5E1B8C59AFBBA7FD6069F18B5EF288,stage4B_3Day_nohup_20260819T132526Z_w046_20260820T115740Z,stage4B_3Day_nohup_20260819T132526Z,20-Aug-2026 11:57:40,session_manifest,0,1,1
adsb_archive/adsb_archive/testing_machine/captures/stage4B_3Day_nohup_20260819T132526Z_w047_20260820T122740Z/truth/0_20260820_082741_adsb_stage4B_3Day_nohup_20260819T132526Z_w047_20260820T122740Z.txt.gz,8F426FC3E04D883FBE8545F603A8E8CEC46FD615930EA0DE614429135EB2FC7B,stage4B_3Day_nohup_20260819T132526Z_w047_20260820T122740Z,stage4B_3Day_nohup_20260819T132526Z,20-Aug-2026 12:27:40,session_manifest,0,1,1
adsb_archive/adsb_archive/testing_machine/captures/stage4B_3Day_nohup_20260819T132526Z_w048_20260820T125740Z/truth/0_20260820_085741_adsb_stage4B_3Day_nohup_20260819T132526Z_w048_20260820T125740Z.txt.gz,5E09EFF46BD8FF50943CC453510F47D71E459F8C0678E8C191988FB6AAB960C4,stage4B_3Day_nohup_20260819T132526Z_w048_20260820T125740Z,stage4B_3Day_nohup_20260819T132526Z,20-Aug-2026 12:57:40,session_manifest,0,1,1
adsb_archive/adsb_archive/testing_machine/captures/stage4B_3Day_nohup_20260819T132526Z_w049_20260820T132740Z/truth/0_20260820_092741_adsb_stage4B_3Day_nohup_20260819T132526Z_w049_20260820T132740Z.txt.gz,5E5F2B14ED75A935F79DA52E1DCB468DB8D55CDAE3229AC9DD165E8C8C123942,stage4B_3Day_nohup_20260819T132526Z_w049_20260820T132740Z,stage4B_3Day_nohup_20260819T132526Z,20-Aug-2026 13:27:40,session_manifest,0,1,1
adsb_archive/adsb_archive/testing_machine/captures/stage4B_3Day_nohup_20260819T132526Z_w050_20260820T135740Z/truth/0_20260820_095741_adsb_stage4B_3Day_nohup_20260819T132526Z_w050_20260820T135740Z.txt.gz,77113EC0267C15A7EA8BDC4A8C08FC3844AFCC295B0B6AAE7833EE3EFFA4BCC0,stage4B_3Day_nohup_20260819T132526Z_w050_20260820T135740Z,stage4B_3Day_nohup_20260819T132526Z,20-Aug-2026 13:57:40,session_manifest,0,1,1
adsb_archive/adsb_archive/testing_machine/captures/stage4B_3Day_nohup_20260819T132526Z_w051_20260820T142740Z/truth/0_20260820_102742_adsb_stage4B_3Day_nohup_20260819T132526Z_w051_20260820T142740Z.txt.gz,A3B8193E0A6A3AAB103FD8F8AE12B788FA2195CFC7D5345AD790F3D7FEA73398,stage4B_3Day_nohup_20260819T132526Z_w051_20260820T142740Z,stage4B_3Day_nohup_20260819T132526Z,20-Aug-2026 14:27:40,session_manifest,0,1,1
adsb_archive/adsb_archive/testing_machine/captures/stage4B_3Day_nohup_20260819T132526Z_w052_20260820T145740Z/truth/0_20260820_105741_adsb_stage4B_3Day_nohup_20260819T132526Z_w052_20260820T145740Z.txt.gz,2EEE79188140398CB82C9E5360C42DE6DD82AFD621651EFC8242947D8587652B,stage4B_3Day_nohup_20260819T132526Z_w052_20260820T145740Z,stage4B_3Day_nohup_20260819T132526Z,20-Aug-2026 14:57:40,session_manifest,0,1,1
adsb_archive/adsb_archive/testing_machine/captures/stage4B_3Day_nohup_20260819T132526Z_w053_20260820T152740Z/truth/0_20260820_112741_adsb_stage4B_3Day_nohup_20260819T132526Z_w053_20260820T152740Z.txt.gz,A471998F184F9E45BA244DEA00C4915C7055B6C10A851C4F98BA5926EF5B40C1,stage4B_3Day_nohup_20260819T132526Z_w053_20260820T152740Z,stage4B_3Day_nohup_20260819T132526Z,20-Aug-2026 15:27:40,session_manifest,0,1,1
adsb_archive/adsb_archive/testing_machine/captures/stage4B_3Day_nohup_20260819T132526Z_w054_20260820T155740Z/truth/0_20260820_115741_adsb_stage4B_3Day_nohup_20260819T132526Z_w054_20260820T155740Z.txt.gz,57B31F404629127D1E72EC4F537737EDB5B8D35E30E429786315F54ED51E59D8,stage4B_3Day_nohup_20260819T132526Z_w054_20260820T155740Z,stage4B_3Day_nohup_20260819T132526Z,20-Aug-2026 15:57:40,session_manifest,0,1,1
adsb_archive/adsb_archive/testing_machine/captures/stage4B_3Day_nohup_20260819T132526Z_w055_20260820T162740Z/truth/0_20260820_122741_adsb_stage4B_3Day_nohup_20260819T132526Z_w055_20260820T162740Z.txt.gz,B7E55A3D6D41D1E393B7619BCE64DE2DD4FD9716A061CDF2750282EB67A2A718,stage4B_3Day_nohup_20260819T132526Z_w055_20260820T162740Z,stage4B_3Day_nohup_20260819T132526Z,20-Aug-2026 16:27:40,session_manifest,0,1,1
adsb_archive/adsb_archive/testing_machine/captures/stage4B_3Day_nohup_20260819T132526Z_w056_20260820T165740Z/truth/0_20260820_125740_adsb_stage4B_3Day_nohup_20260819T132526Z_w056_20260820T165740Z.txt.gz,C3739331856F9C345F0B49DAB7D75205B6191B1CB14BE6481AF1B2C62445EE77,stage4B_3Day_nohup_20260819T132526Z_w056_20260820T165740Z,stage4B_3Day_nohup_20260819T132526Z,20-Aug-2026 16:57:40,session_manifest,0,1,1
adsb_archive/adsb_archive/testing_machine/captures/stage4B_3Day_nohup_20260819T132526Z_w057_20260820T172740Z/truth/0_20260820_132741_adsb_stage4B_3Day_nohup_20260819T132526Z_w057_20260820T172740Z.txt.gz,09558DAE1C995C0F2035DAF9E2E724B111306D8821334313B309A9929E8A0245,stage4B_3Day_nohup_20260819T132526Z_w057_20260820T172740Z,stage4B_3Day_nohup_20260819T132526Z,20-Aug-2026 17:27:40,session_manifest,0,1,1
adsb_archive/adsb_archive/testing_machine/captures/stage4B_3Day_nohup_20260819T132526Z_w058_20260820T175740Z/truth/0_20260820_135741_adsb_stage4B_3Day_nohup_20260819T132526Z_w058_20260820T175740Z.txt.gz,7D5F88629948E60885668D2C54B590E637BDA3E40003CE1F222C091A15E0BFE0,stage4B_3Day_nohup_20260819T132526Z_w058_20260820T175740Z,stage4B_3Day_nohup_20260819T132526Z,20-Aug-2026 17:57:40,session_manifest,0,1,1
adsb_archive/adsb_archive/testing_machine/captures/stage4B_3Day_nohup_20260819T132526Z_w059_20260820T182740Z/truth/0_20260820_142741_adsb_stage4B_3Day_nohup_20260819T132526Z_w059_20260820T182740Z.txt.gz,CB0B426A05CCB3A01333E3620E69F3A2E8B3BC3FDB605760CA007448E3ABAFC2,stage4B_3Day_nohup_20260819T132526Z_w059_20260820T182740Z,stage4B_3Day_nohup_20260819T132526Z,20-Aug-2026 18:27:40,session_manifest,0,1,1
adsb_archive/adsb_archive/testing_machine/captures/stage4B_3Day_nohup_20260819T132526Z_w060_20260820T185740Z/truth/0_20260820_145741_adsb_stage4B_3Day_nohup_20260819T132526Z_w060_20260820T185740Z.txt.gz,41862A97C168B6AD3C6442C060B5A5B447BABF131BF4808F7041669BD6EAB101,stage4B_3Day_nohup_20260819T132526Z_w060_20260820T185740Z,stage4B_3Day_nohup_20260819T132526Z,20-Aug-2026 18:57:40,session_manifest,0,1,1
adsb_archive/adsb_archive/testing_machine/captures/stage4B_3Day_nohup_20260819T132526Z_w061_20260820T192740Z/truth/0_20260820_152741_adsb_stage4B_3Day_nohup_20260819T132526Z_w061_20260820T192740Z.txt.gz,2D82DD7B8210EDEBD880B88682313B71D359E46AE5515AA1F04327E002664814,stage4B_3Day_nohup_20260819T132526Z_w061_20260820T192740Z,stage4B_3Day_nohup_20260819T132526Z,20-Aug-2026 19:27:40,session_manifest,0,1,1
adsb_archive/adsb_archive/testing_machine/captures/stage4B_3Day_nohup_20260819T132526Z_w062_20260820T195740Z/truth/0_20260820_155741_adsb_stage4B_3Day_nohup_20260819T132526Z_w062_20260820T195740Z.txt.gz,4815B259B09FFD053C17BCA0E7A564C0C4D6F93D68987DAE7E7F02917EA6A868,stage4B_3Day_nohup_20260819T132526Z_w062_20260820T195740Z,stage4B_3Day_nohup_20260819T132526Z,20-Aug-2026 19:57:40,session_manifest,0,1,1
adsb_archive/adsb_archive/testing_machine/captures/stage4B_3Day_nohup_20260819T132526Z_w063_20260820T202740Z/truth/0_20260820_162741_adsb_stage4B_3Day_nohup_20260819T132526Z_w063_20260820T202740Z.txt.gz,CF85AB32FE61BFB9DAF492ECDB63C35DA21BD09E4F4CFC2A4DD587A3BE8CCB85,stage4B_3Day_nohup_20260819T132526Z_w063_20260820T202740Z,stage4B_3Day_nohup_20260819T132526Z,20-Aug-2026 20:27:40,session_manifest,0,1,1
adsb_archive/adsb_archive/testing_machine/captures/stage4B_3Day_nohup_20260819T132526Z_w064_20260820T205740Z/truth/0_20260820_165741_adsb_stage4B_3Day_nohup_20260819T132526Z_w064_20260820T205740Z.txt.gz,0A13D43026C8B8A0F34954D73489FB5F979A280309C1EA077FDCA0A71AAB632E,stage4B_3Day_nohup_20260819T132526Z_w064_20260820T205740Z,stage4B_3Day_nohup_20260819T132526Z,20-Aug-2026 20:57:40,session_manifest,0,1,1
adsb_archive/adsb_archive/testing_machine/captures/stage4B_3Day_nohup_20260819T132526Z_w065_20260820T212740Z/truth/0_20260820_172742_adsb_stage4B_3Day_nohup_20260819T132526Z_w065_20260820T212740Z.txt.gz,5DB665CD7A1897BD5B52CDFE12A96FCDC20028BF7A3510A5F69586ECE51C1763,stage4B_3Day_nohup_20260819T132526Z_w065_20260820T212740Z,stage4B_3Day_nohup_20260819T132526Z,20-Aug-2026 21:27:40,session_manifest,0,1,1
adsb_archive/adsb_archive/testing_machine/captures/stage4B_3Day_nohup_20260819T132526Z_w066_20260820T215740Z/truth/0_20260820_175741_adsb_stage4B_3Day_nohup_20260819T132526Z_w066_20260820T215740Z.txt.gz,3DD3DF1E5E29568C7A2C16425D030584801949DBA3F4C93E59A5860B195A935C,stage4B_3Day_nohup_20260819T132526Z_w066_20260820T215740Z,stage4B_3Day_nohup_20260819T132526Z,20-Aug-2026 21:57:40,session_manifest,0,1,1
adsb_archive/adsb_archive/testing_machine/captures/stage4B_3Day_nohup_20260819T132526Z_w067_20260820T222740Z/truth/0_20260820_182741_adsb_stage4B_3Day_nohup_20260819T132526Z_w067_20260820T222740Z.txt.gz,C0EEA2DED633AE605155CF78945676EE02FAFEE8FE3B586F3AE5771EC7F785EB,stage4B_3Day_nohup_20260819T132526Z_w067_20260820T222740Z,stage4B_3Day_nohup_20260819T132526Z,20-Aug-2026 22:27:40,session_manifest,0,1,1
adsb_archive/adsb_archive/testing_machine/captures/stage4B_3Day_nohup_20260819T132526Z_w068_20260820T225740Z/truth/0_20260820_185742_adsb_stage4B_3Day_nohup_20260819T132526Z_w068_20260820T225740Z.txt.gz,19ACCD1B88C3CFBC4A25A3BC47A0E471EA61573C4428B328A7CBE4D182741CBC,stage4B_3Day_nohup_20260819T132526Z_w068_20260820T225740Z,stage4B_3Day_nohup_20260819T132526Z,20-Aug-2026 22:57:40,session_manifest,0,1,1
adsb_archive/adsb_archive/testing_machine/captures/stage4B_3Day_nohup_20260819T132526Z_w069_20260820T232740Z/truth/0_20260820_192742_adsb_stage4B_3Day_nohup_20260819T132526Z_w069_20260820T232740Z.txt.gz,7EA68A151A50215F6155AF5B152B1039672126E61E5398BD43A9E92FDCFD11BF,stage4B_3Day_nohup_20260819T132526Z_w069_20260820T232740Z,stage4B_3Day_nohup_20260819T132526Z,20-Aug-2026 23:27:41,session_manifest,0,1,1
adsb_archive/adsb_archive/testing_machine/captures/stage4B_3Day_nohup_20260819T132526Z_w070_20260820T235740Z/truth/0_20260820_195741_adsb_stage4B_3Day_nohup_20260819T132526Z_w070_20260820T235740Z.txt.gz,ABD4104A57F8729D0733A75140B0307F0065407A5D2A89173B351A92AC3B51DE,stage4B_3Day_nohup_20260819T132526Z_w070_20260820T235740Z,stage4B_3Day_nohup_20260819T132526Z,20-Aug-2026 23:57:40,session_manifest,0,1,1
adsb_archive/adsb_archive/testing_machine/captures/stage4B_3Day_nohup_20260819T132526Z_w071_20260821T002740Z/truth/0_20260820_202741_adsb_stage4B_3Day_nohup_20260819T132526Z_w071_20260821T002740Z.txt.gz,2E07F28367FFD856714B4F465ADB9EA3CB44A93A6C2A92130505CF2F9FD345B0,stage4B_3Day_nohup_20260819T132526Z_w071_20260821T002740Z,stage4B_3Day_nohup_20260819T132526Z,21-Aug-2026 00:27:40,session_manifest,0,1,1
adsb_archive/adsb_archive/testing_machine/captures/stage4B_3Day_nohup_20260819T132526Z_w072_20260821T005740Z/truth/0_20260820_205742_adsb_stage4B_3Day_nohup_20260819T132526Z_w072_20260821T005740Z.txt.gz,934549F5ADBEE4F0573003D73B11C5490E275D51710D68E186F893CFB6C09CC8,stage4B_3Day_nohup_20260819T132526Z_w072_20260821T005740Z,stage4B_3Day_nohup_20260819T132526Z,21-Aug-2026 00:57:40,session_manifest,0,1,1
adsb_archive/adsb_archive/testing_machine/captures/stage4B_3Day_nohup_20260819T132526Z_w073_20260821T012740Z/truth/0_20260820_212741_adsb_stage4B_3Day_nohup_20260819T132526Z_w073_20260821T012740Z.txt.gz,37814BCE5CE2E0E38068C2CA16D5F0872B35F2AF35DBC57E87030E361AB99F19,stage4B_3Day_nohup_20260819T132526Z_w073_20260821T012740Z,stage4B_3Day_nohup_20260819T132526Z,21-Aug-2026 01:27:40,session_manifest,0,1,1
adsb_archive/adsb_archive/testing_machine/captures/stage4B_3Day_nohup_20260819T132526Z_w074_20260821T015740Z/truth/0_20260820_215742_adsb_stage4B_3Day_nohup_20260819T132526Z_w074_20260821T015740Z.txt.gz,0789A1698C0F44F159C8D2B8A5580CC496657F346F34FDCBF8A926EB1D36C2D9,stage4B_3Day_nohup_20260819T132526Z_w074_20260821T015740Z,stage4B_3Day_nohup_20260819T132526Z,21-Aug-2026 01:57:41,session_manifest,0,1,1
adsb_archive/adsb_archive/testing_machine/captures/stage4B_3Day_nohup_20260819T132526Z_w075_20260821T022740Z/truth/0_20260820_222741_adsb_stage4B_3Day_nohup_20260819T132526Z_w075_20260821T022740Z.txt.gz,42C11918E2AF7DE5674C15C16FA64B98D9B564B22670EFAEABE88944505E8D29,stage4B_3Day_nohup_20260819T132526Z_w075_20260821T022740Z,stage4B_3Day_nohup_20260819T132526Z,21-Aug-2026 02:27:40,session_manifest,0,1,1
adsb_archive/adsb_archive/testing_machine/captures/stage4B_3Day_nohup_20260819T132526Z_w076_20260821T025740Z/truth/0_20260820_225741_adsb_stage4B_3Day_nohup_20260819T132526Z_w076_20260821T025740Z.txt.gz,B9C4D86E18CAB30FAD7CF80AC117ADB99AE774AD27A85C5A747CC4F8065DE3BA,stage4B_3Day_nohup_20260819T132526Z_w076_20260821T025740Z,stage4B_3Day_nohup_20260819T132526Z,21-Aug-2026 02:57:40,session_manifest,0,1,1
adsb_archive/adsb_archive/testing_machine/captures/stage4B_3Day_nohup_20260819T132526Z_w077_20260821T032740Z/truth/0_20260820_232741_adsb_stage4B_3Day_nohup_20260819T132526Z_w077_20260821T032740Z.txt.gz,C7B506857CF7FD10B99E20119D82CBB95300B288C163297F5739E43073A46DD9,stage4B_3Day_nohup_20260819T132526Z_w077_20260821T032740Z,stage4B_3Day_nohup_20260819T132526Z,21-Aug-2026 03:27:40,session_manifest,0,1,1
adsb_archive/adsb_archive/testing_machine/captures/stage4B_3Day_nohup_20260819T132526Z_w078_20260821T035740Z/truth/0_20260820_235741_adsb_stage4B_3Day_nohup_20260819T132526Z_w078_20260821T035740Z.txt.gz,7B2FF03FB35E0F76D10AA7EF9237EFDD2B5C38B60B455BB8E2C5FCE613F092AD,stage4B_3Day_nohup_20260819T132526Z_w078_20260821T035740Z,stage4B_3Day_nohup_20260819T132526Z,21-Aug-2026 03:57:40,session_manifest,0,1,1
adsb_archive/adsb_archive/testing_machine/captures/stage4B_3Day_nohup_20260819T132526Z_w079_20260821T042740Z/truth/0_20260821_002741_adsb_stage4B_3Day_nohup_20260819T132526Z_w079_20260821T042740Z.txt.gz,1508F8E9A82DFEBBAA66DFF74B1CB0E8F1BA28F0F779EADC86EA0D30ECC8B105,stage4B_3Day_nohup_20260819T132526Z_w079_20260821T042740Z,stage4B_3Day_nohup_20260819T132526Z,21-Aug-2026 04:27:40,session_manifest,0,1,1
adsb_archive/adsb_archive/testing_machine/captures/stage4B_3Day_nohup_20260819T132526Z_w080_20260821T045740Z/truth/0_20260821_005742_adsb_stage4B_3Day_nohup_20260819T132526Z_w080_20260821T045740Z.txt.gz,F45F338FC151E1187D4DCC8A3CC85CB0E059BF9E7BB9369A6E7CFFDB1E9199B8,stage4B_3Day_nohup_20260819T132526Z_w080_20260821T045740Z,stage4B_3Day_nohup_20260819T132526Z,21-Aug-2026 04:57:40,session_manifest,0,1,1
adsb_archive/adsb_archive/testing_machine/captures/stage4B_3Day_nohup_20260819T132526Z_w081_20260821T052740Z/truth/0_20260821_012742_adsb_stage4B_3Day_nohup_20260819T132526Z_w081_20260821T052740Z.txt.gz,B538A17D32D8F6F5CFAB6DA4C820DCC05341668FD66F89A97E9918E204CEBBC2,stage4B_3Day_nohup_20260819T132526Z_w081_20260821T052740Z,stage4B_3Day_nohup_20260819T132526Z,21-Aug-2026 05:27:40,session_manifest,0,1,1
adsb_archive/adsb_archive/testing_machine/captures/stage4B_3Day_nohup_20260819T132526Z_w082_20260821T055740Z/truth/0_20260821_015741_adsb_stage4B_3Day_nohup_20260819T132526Z_w082_20260821T055740Z.txt.gz,FBF84EF26931BF5CC2DD96FC5DBD0ECBD97E56BD5A3A34936A72DB57C32BF1FF,stage4B_3Day_nohup_20260819T132526Z_w082_20260821T055740Z,stage4B_3Day_nohup_20260819T132526Z,21-Aug-2026 05:57:40,session_manifest,0,1,1
adsb_archive/adsb_archive/testing_machine/captures/stage4B_3Day_nohup_20260819T132526Z_w083_20260821T062740Z/truth/0_20260821_022746_adsb_stage4B_3Day_nohup_20260819T132526Z_w083_20260821T062740Z.txt.gz,3123FE7286B1616F55728FEF4D71A9D890AB49DF8F59BB6D93BDCBD29F9F24F8,stage4B_3Day_nohup_20260819T132526Z_w083_20260821T062740Z,stage4B_3Day_nohup_20260819T132526Z,21-Aug-2026 06:27:40,session_manifest,0,1,1
adsb_archive/adsb_archive/testing_machine/captures/stage4B_3Day_nohup_20260819T132526Z_w084_20260821T065740Z/truth/0_20260821_025749_adsb_stage4B_3Day_nohup_20260819T132526Z_w084_20260821T065740Z.txt.gz,6CF0E3ABAB83DAFBC4ABF01A8C2CE8FB6B17EAFC78C743D6614F00DB985C84EF,stage4B_3Day_nohup_20260819T132526Z_w084_20260821T065740Z,stage4B_3Day_nohup_20260819T132526Z,21-Aug-2026 06:57:41,session_manifest,0,1,1
adsb_archive/adsb_archive/testing_machine/captures/stage4B_3Day_nohup_20260819T132526Z_w085_20260821T072740Z/truth/0_20260821_032812_adsb_stage4B_3Day_nohup_20260819T132526Z_w085_20260821T072740Z.txt.gz,A9308D50A3550C9155BA84462A7C4B9491FC32F657B66D8CB0F374A85C31C57F,stage4B_3Day_nohup_20260819T132526Z_w085_20260821T072740Z,stage4B_3Day_nohup_20260819T132526Z,21-Aug-2026 07:27:40,session_manifest,0,1,1
adsb_archive/adsb_archive/testing_machine/captures/stage4B_3Day_nohup_20260819T132526Z_w086_20260821T075740Z/truth/0_20260821_035826_adsb_stage4B_3Day_nohup_20260819T132526Z_w086_20260821T075740Z.txt.gz,5393EB8ACB09907EDCF31E1AAC0847FA0046D203EB34E5DA8DD1914EE7DBB476,stage4B_3Day_nohup_20260819T132526Z_w086_20260821T075740Z,stage4B_3Day_nohup_20260819T132526Z,21-Aug-2026 07:57:40,session_manifest,0,1,1
adsb_archive/adsb_archive/testing_machine/captures/stage4B_3Day_nohup_20260819T132526Z_w087_20260821T082740Z/truth/0_20260821_042742_adsb_stage4B_3Day_nohup_20260819T132526Z_w087_20260821T082740Z.txt.gz,0FD8B3B924EFB0FC467917C9076D85B579851D2A57429E5BADC6D7BB1ECF9E3E,stage4B_3Day_nohup_20260819T132526Z_w087_20260821T082740Z,stage4B_3Day_nohup_20260819T132526Z,21-Aug-2026 08:27:40,session_manifest,0,1,1
adsb_archive/adsb_archive/testing_machine/captures/stage4B_3Day_nohup_20260819T132526Z_w088_20260821T085740Z/truth/0_20260821_045741_adsb_stage4B_3Day_nohup_20260819T132526Z_w088_20260821T085740Z.txt.gz,CAC8235753773733C8C654BE0448DBAC2EBF5BFE436D6FE258A1404AE18B05E2,stage4B_3Day_nohup_20260819T132526Z_w088_20260821T085740Z,stage4B_3Day_nohup_20260819T132526Z,21-Aug-2026 08:57:40,session_manifest,0,1,1
adsb_archive/adsb_archive/testing_machine/captures/stage4B_3Day_nohup_20260819T132526Z_w089_20260821T092740Z/truth/0_20260821_052741_adsb_stage4B_3Day_nohup_20260819T132526Z_w089_20260821T092740Z.txt.gz,9688136C424F6D93F0982F86C09A4F3F384C353A6B8F1C00A93226E94B630F85,stage4B_3Day_nohup_20260819T132526Z_w089_20260821T092740Z,stage4B_3Day_nohup_20260819T132526Z,21-Aug-2026 09:27:40,session_manifest,0,1,1
adsb_archive/adsb_archive/testing_machine/captures/stage4B_3Day_nohup_20260819T132526Z_w090_20260821T095740Z/truth/0_20260821_055742_adsb_stage4B_3Day_nohup_20260819T132526Z_w090_20260821T095740Z.txt.gz,FD53517D709A660052BF896FEA9A73AC3EC8201C1F10F318D08367EFB101D39A,stage4B_3Day_nohup_20260819T132526Z_w090_20260821T095740Z,stage4B_3Day_nohup_20260819T132526Z,21-Aug-2026 09:57:40,session_manifest,0,1,1
adsb_archive/adsb_archive/testing_machine/captures/stage4B_3Day_nohup_20260819T132526Z_w091_20260821T102740Z/truth/0_20260821_062741_adsb_stage4B_3Day_nohup_20260819T132526Z_w091_20260821T102740Z.txt.gz,7A167EE63886E178AC9E75E9312D0D41EF8775688B34900C587535AB41FB4A33,stage4B_3Day_nohup_20260819T132526Z_w091_20260821T102740Z,stage4B_3Day_nohup_20260819T132526Z,21-Aug-2026 10:27:40,session_manifest,0,1,1
adsb_archive/adsb_archive/testing_machine/captures/stage4B_3Day_nohup_20260819T132526Z_w092_20260821T105740Z/truth/0_20260821_065741_adsb_stage4B_3Day_nohup_20260819T132526Z_w092_20260821T105740Z.txt.gz,DE0B69121813EA03A853A15EB5B75A60540328F48F9EBBC81F31857A13C08DFD,stage4B_3Day_nohup_20260819T132526Z_w092_20260821T105740Z,stage4B_3Day_nohup_20260819T132526Z,21-Aug-2026 10:57:40,session_manifest,0,1,1
adsb_archive/adsb_archive/testing_machine/captures/stage4B_3Day_nohup_20260819T132526Z_w093_20260821T112740Z/truth/0_20260821_072741_adsb_stage4B_3Day_nohup_20260819T132526Z_w093_20260821T112740Z.txt.gz,6AC37A015860CD02BDF3520E0993824C1724A1DA5412DB373F3F1C35F3F3DBB8,stage4B_3Day_nohup_20260819T132526Z_w093_20260821T112740Z,stage4B_3Day_nohup_20260819T132526Z,21-Aug-2026 11:27:40,session_manifest,0,1,1
adsb_archive/adsb_archive/testing_machine/captures/stage4B_3Day_nohup_20260819T132526Z_w094_20260821T115740Z/truth/0_20260821_075741_adsb_stage4B_3Day_nohup_20260819T132526Z_w094_20260821T115740Z.txt.gz,8CE325D66C828BB2DD4855FCD5FE24AAEFE754C6FA2D42A5A9C80C027058C9D8,stage4B_3Day_nohup_20260819T132526Z_w094_20260821T115740Z,stage4B_3Day_nohup_20260819T132526Z,21-Aug-2026 11:57:40,session_manifest,0,1,1
adsb_archive/adsb_archive/testing_machine/captures/stage4B_3Day_nohup_20260819T132526Z_w095_20260821T122740Z/truth/0_20260821_082741_adsb_stage4B_3Day_nohup_20260819T132526Z_w095_20260821T122740Z.txt.gz,33C7DBF6F61413974032C7118DD611D1EF806AA2D16D5952F9E0666509EC3B89,stage4B_3Day_nohup_20260819T132526Z_w095_20260821T122740Z,stage4B_3Day_nohup_20260819T132526Z,21-Aug-2026 12:27:40,session_manifest,0,1,1
adsb_archive/adsb_archive/testing_machine/captures/stage4B_3Day_nohup_20260819T132526Z_w096_20260821T125740Z/truth/0_20260821_085741_adsb_stage4B_3Day_nohup_20260819T132526Z_w096_20260821T125740Z.txt.gz,417003F78BC74B61D6C138EEE0EF782EBCC62C5B1A12DC16C8B779B6885C2666,stage4B_3Day_nohup_20260819T132526Z_w096_20260821T125740Z,stage4B_3Day_nohup_20260819T132526Z,21-Aug-2026 12:57:40,session_manifest,0,1,1
adsb_archive/adsb_archive/testing_machine/captures/stage4B_3Day_nohup_20260819T132526Z_w097_20260821T132740Z/truth/0_20260821_092741_adsb_stage4B_3Day_nohup_20260819T132526Z_w097_20260821T132740Z.txt.gz,A2215D0656376B420B775DE50D29145D9FD3E7BBA6E994DF3D5D663B4B0545F3,stage4B_3Day_nohup_20260819T132526Z_w097_20260821T132740Z,stage4B_3Day_nohup_20260819T132526Z,21-Aug-2026 13:27:40,session_manifest,0,1,1
adsb_archive/adsb_archive/testing_machine/captures/stage4B_3Day_nohup_20260819T132526Z_w098_20260821T135740Z/truth/0_20260821_095741_adsb_stage4B_3Day_nohup_20260819T132526Z_w098_20260821T135740Z.txt.gz,2CE280E540BB68B2454066E752EF5F07E4941EE3CB287616D294262BF9E2D9D7,stage4B_3Day_nohup_20260819T132526Z_w098_20260821T135740Z,stage4B_3Day_nohup_20260819T132526Z,21-Aug-2026 13:57:40,session_manifest,0,1,1
adsb_archive/adsb_archive/testing_machine/captures/stage4B_3Day_nohup_20260819T132526Z_w099_20260821T142740Z/truth/0_20260821_102741_adsb_stage4B_3Day_nohup_20260819T132526Z_w099_20260821T142740Z.txt.gz,2E867BCAC158933E481B1BC29F7E64225AF598158E4180856F8ED61E81CF2546,stage4B_3Day_nohup_20260819T132526Z_w099_20260821T142740Z,stage4B_3Day_nohup_20260819T132526Z,21-Aug-2026 14:27:40,session_manifest,0,1,1
adsb_archive/adsb_archive/testing_machine/captures/stage4B_3Day_nohup_20260819T132526Z_w100_20260821T145740Z/truth/0_20260821_105741_adsb_stage4B_3Day_nohup_20260819T132526Z_w100_20260821T145740Z.txt.gz,9A1CB1E78A5B3799F508434C8B315AAD60D0D159CCEE28113A731E0078E50351,stage4B_3Day_nohup_20260819T132526Z_w100_20260821T145740Z,stage4B_3Day_nohup_20260819T132526Z,21-Aug-2026 14:57:40,session_manifest,0,1,1
adsb_archive/adsb_archive/testing_machine/captures/stage4B_3Day_nohup_20260819T132526Z_w101_20260821T152740Z/truth/0_20260821_112741_adsb_stage4B_3Day_nohup_20260819T132526Z_w101_20260821T152740Z.txt.gz,B036508920B8DB520AB561BED734D717DB19B553A211C6638D06BF7433B739B2,stage4B_3Day_nohup_20260819T132526Z_w101_20260821T152740Z,stage4B_3Day_nohup_20260819T132526Z,21-Aug-2026 15:27:40,session_manifest,0,1,1
adsb_archive/adsb_archive/testing_machine/captures/stage4B_3Day_nohup_20260819T132526Z_w102_20260821T155740Z/truth/0_20260821_115741_adsb_stage4B_3Day_nohup_20260819T132526Z_w102_20260821T155740Z.txt.gz,15BD81EB4BDBABB2E8E86675662680E9A19A87EDFD630D1513D3BAC714C02CEE,stage4B_3Day_nohup_20260819T132526Z_w102_20260821T155740Z,stage4B_3Day_nohup_20260819T132526Z,21-Aug-2026 15:57:40,session_manifest,0,1,1
adsb_archive/adsb_archive/testing_machine/captures/stage4B_3Day_nohup_20260819T132526Z_w103_20260821T162740Z/truth/0_20260821_122741_adsb_stage4B_3Day_nohup_20260819T132526Z_w103_20260821T162740Z.txt.gz,18C41F4E09F24AB0953690E42F8DF066CB6E4C8C762D8E032CCC8CF4362EFAEC,stage4B_3Day_nohup_20260819T132526Z_w103_20260821T162740Z,stage4B_3Day_nohup_20260819T132526Z,21-Aug-2026 16:27:40,session_manifest,0,1,1
adsb_archive/adsb_archive/testing_machine/captures/stage4B_3Day_nohup_20260819T132526Z_w104_20260821T165740Z/truth/0_20260821_125741_adsb_stage4B_3Day_nohup_20260819T132526Z_w104_20260821T165740Z.txt.gz,999C14116DD87BB6E91FC3EB7B3B5793E3A91ADE0791F9720919544D9F0B2924,stage4B_3Day_nohup_20260819T132526Z_w104_20260821T165740Z,stage4B_3Day_nohup_20260819T132526Z,21-Aug-2026 16:57:40,session_manifest,0,1,1
adsb_archive/adsb_archive/testing_machine/captures/stage4B_3Day_nohup_20260819T132526Z_w105_20260821T172740Z/truth/0_20260821_132741_adsb_stage4B_3Day_nohup_20260819T132526Z_w105_20260821T172740Z.txt.gz,CCCE8DC63868E7EC5FCB82586A6A41103AD54C36FD204C268C4F528BD427C178,stage4B_3Day_nohup_20260819T132526Z_w105_20260821T172740Z,stage4B_3Day_nohup_20260819T132526Z,21-Aug-2026 17:27:40,session_manifest,0,1,1
adsb_archive/adsb_archive/testing_machine/captures/stage4B_3Day_nohup_20260819T132526Z_w106_20260821T175740Z/truth/0_20260821_135741_adsb_stage4B_3Day_nohup_20260819T132526Z_w106_20260821T175740Z.txt.gz,A14DDA61F7B934DB521189702749BC01E30E91837C5F7F04A0FEEBD0451B38F2,stage4B_3Day_nohup_20260819T132526Z_w106_20260821T175740Z,stage4B_3Day_nohup_20260819T132526Z,21-Aug-2026 17:57:40,session_manifest,0,1,1
adsb_archive/adsb_archive/testing_machine/captures/stage4B_3Day_nohup_20260819T132526Z_w107_20260821T182740Z/truth/0_20260821_142741_adsb_stage4B_3Day_nohup_20260819T132526Z_w107_20260821T182740Z.txt.gz,BD0B52A3038899B53319B659DFC1879DCE2A41CA82BB9DCF4F39DC338CAE1C56,stage4B_3Day_nohup_20260819T132526Z_w107_20260821T182740Z,stage4B_3Day_nohup_20260819T132526Z,21-Aug-2026 18:27:40,session_manifest,0,1,1
adsb_archive/adsb_archive/testing_machine/captures/stage4B_3Day_nohup_20260819T132526Z_w108_20260821T185740Z/truth/0_20260821_145741_adsb_stage4B_3Day_nohup_20260819T132526Z_w108_20260821T185740Z.txt.gz,F8512D949729ECAF9CFD619B22EF609795027715103C6173BF5719FACD3DE198,stage4B_3Day_nohup_20260819T132526Z_w108_20260821T185740Z,stage4B_3Day_nohup_20260819T132526Z,21-Aug-2026 18:57:40,session_manifest,0,1,1
adsb_archive/adsb_archive/testing_machine/captures/stage4B_3Day_nohup_20260819T132526Z_w109_20260821T192740Z/truth/0_20260821_152741_adsb_stage4B_3Day_nohup_20260819T132526Z_w109_20260821T192740Z.txt.gz,1238B6BD2A081629633E55EB222B231E01D3CBFCD6575062CD2D6DFEF5F2E109,stage4B_3Day_nohup_20260819T132526Z_w109_20260821T192740Z,stage4B_3Day_nohup_20260819T132526Z,21-Aug-2026 19:27:40,session_manifest,0,1,1
adsb_archive/adsb_archive/testing_machine/captures/stage4B_3Day_nohup_20260819T132526Z_w110_20260821T195740Z/truth/0_20260821_155741_adsb_stage4B_3Day_nohup_20260819T132526Z_w110_20260821T195740Z.txt.gz,F08CD7E2B2B172BC77DFAFCD81046030AE2D83AEDB3C499CC2D5AA491DCEA73D,stage4B_3Day_nohup_20260819T132526Z_w110_20260821T195740Z,stage4B_3Day_nohup_20260819T132526Z,21-Aug-2026 19:57:40,session_manifest,0,1,1
adsb_archive/adsb_archive/testing_machine/captures/stage4B_3Day_nohup_20260819T132526Z_w111_20260821T202740Z/truth/0_20260821_162741_adsb_stage4B_3Day_nohup_20260819T132526Z_w111_20260821T202740Z.txt.gz,931C76AF4E392598BFEAB93083E3D357F3151B88D92721A764AE32351955D050,stage4B_3Day_nohup_20260819T132526Z_w111_20260821T202740Z,stage4B_3Day_nohup_20260819T132526Z,21-Aug-2026 20:27:40,session_manifest,0,1,1
adsb_archive/adsb_archive/testing_machine/captures/stage4B_3Day_nohup_20260819T132526Z_w112_20260821T205740Z/truth/0_20260821_165741_adsb_stage4B_3Day_nohup_20260819T132526Z_w112_20260821T205740Z.txt.gz,B79B0DC5BF2E118AFBCB54B9D12F4A50431F0B861D54EA6A6F2B5EC1B24B83B4,stage4B_3Day_nohup_20260819T132526Z_w112_20260821T205740Z,stage4B_3Day_nohup_20260819T132526Z,21-Aug-2026 20:57:40,session_manifest,0,1,1
adsb_archive/adsb_archive/testing_machine/captures/stage4B_3Day_nohup_20260819T132526Z_w113_20260821T212740Z/truth/0_20260821_172741_adsb_stage4B_3Day_nohup_20260819T132526Z_w113_20260821T212740Z.txt.gz,2DDA4C8DE9C13CA539CD4E139CAD4FC4DAEF765C49504E836722E54D56E8ED2F,stage4B_3Day_nohup_20260819T132526Z_w113_20260821T212740Z,stage4B_3Day_nohup_20260819T132526Z,21-Aug-2026 21:27:40,session_manifest,0,1,1
adsb_archive/adsb_archive/testing_machine/captures/stage4B_3Day_nohup_20260819T132526Z_w114_20260821T215740Z/truth/0_20260821_175741_adsb_stage4B_3Day_nohup_20260819T132526Z_w114_20260821T215740Z.txt.gz,6777B8835A0A180AF9A5CD7E55CB1A2555CF537AA45C68BBE82CC172C85D1E74,stage4B_3Day_nohup_20260819T132526Z_w114_20260821T215740Z,stage4B_3Day_nohup_20260819T132526Z,21-Aug-2026 21:57:40,session_manifest,0,1,1
adsb_archive/adsb_archive/testing_machine/captures/stage4B_3Day_nohup_20260819T132526Z_w115_20260821T222740Z/truth/0_20260821_182741_adsb_stage4B_3Day_nohup_20260819T132526Z_w115_20260821T222740Z.txt.gz,47996DEEC5E0A725BD8DF177E63D8F71E5ACBEF11CB4E13846CD6C01D07B1895,stage4B_3Day_nohup_20260819T132526Z_w115_20260821T222740Z,stage4B_3Day_nohup_20260819T132526Z,21-Aug-2026 22:27:40,session_manifest,0,1,1
adsb_archive/adsb_archive/testing_machine/captures/stage4B_3Day_nohup_20260819T132526Z_w116_20260821T225740Z/truth/0_20260821_185741_adsb_stage4B_3Day_nohup_20260819T132526Z_w116_20260821T225740Z.txt.gz,0D6B16AAB3C342D3E7CCA9944A7D3F78F592B65B1539441AE73B3A1D4B03B5EA,stage4B_3Day_nohup_20260819T132526Z_w116_20260821T225740Z,stage4B_3Day_nohup_20260819T132526Z,21-Aug-2026 22:57:40,session_manifest,0,1,1
adsb_archive/adsb_archive/testing_machine/captures/stage4B_3Day_nohup_20260819T132526Z_w117_20260821T232740Z/truth/0_20260821_192741_adsb_stage4B_3Day_nohup_20260819T132526Z_w117_20260821T232740Z.txt.gz,191E195E6540112121B7E523B6F48B351CC81E94320144E272231411D89A452E,stage4B_3Day_nohup_20260819T132526Z_w117_20260821T232740Z,stage4B_3Day_nohup_20260819T132526Z,21-Aug-2026 23:27:40,session_manifest,0,1,1
adsb_archive/adsb_archive/testing_machine/captures/stage4B_3Day_nohup_20260819T132526Z_w118_20260821T235740Z/truth/0_20260821_195741_adsb_stage4B_3Day_nohup_20260819T132526Z_w118_20260821T235740Z.txt.gz,93681C9CC1BAD8D66809825080008DBEF7913AA799C9114842F018A72108F77D,stage4B_3Day_nohup_20260819T132526Z_w118_20260821T235740Z,stage4B_3Day_nohup_20260819T132526Z,21-Aug-2026 23:57:40,session_manifest,0,1,1
adsb_archive/adsb_archive/testing_machine/captures/stage4B_3Day_nohup_20260819T132526Z_w119_20260822T002740Z/truth/0_20260821_202741_adsb_stage4B_3Day_nohup_20260819T132526Z_w119_20260822T002740Z.txt.gz,57A2FA5FC27C051E22B6BEECD8AEBB90973A30C89C83C1C2DCDD963C4195537F,stage4B_3Day_nohup_20260819T132526Z_w119_20260822T002740Z,stage4B_3Day_nohup_20260819T132526Z,22-Aug-2026 00:27:40,session_manifest,0,1,1
adsb_archive/adsb_archive/testing_machine/captures/stage4B_3Day_nohup_20260819T132526Z_w120_20260822T005740Z/truth/0_20260821_205741_adsb_stage4B_3Day_nohup_20260819T132526Z_w120_20260822T005740Z.txt.gz,627595A08EC21EB16A9DA1CDD38095E520100D6B7688C5D38CB1869224809B60,stage4B_3Day_nohup_20260819T132526Z_w120_20260822T005740Z,stage4B_3Day_nohup_20260819T132526Z,22-Aug-2026 00:57:40,session_manifest,0,1,1
adsb_archive/adsb_archive/testing_machine/captures/stage4B_3Day_nohup_20260819T132526Z_w121_20260822T012740Z/truth/0_20260821_212741_adsb_stage4B_3Day_nohup_20260819T132526Z_w121_20260822T012740Z.txt.gz,AA90ED78BF56FEFD02D7698497827D87E4D7CC66413A5455044893E0124453F4,stage4B_3Day_nohup_20260819T132526Z_w121_20260822T012740Z,stage4B_3Day_nohup_20260819T132526Z,22-Aug-2026 01:27:40,session_manifest,0,1,1
adsb_archive/adsb_archive/testing_machine/captures/stage4B_3Day_nohup_20260819T132526Z_w122_20260822T015740Z/truth/0_20260821_215741_adsb_stage4B_3Day_nohup_20260819T132526Z_w122_20260822T015740Z.txt.gz,1DF27D9B8115B54DBF52C1AA11B76B8D35DEFD59A544E8BE41FEF3D7EA952EBF,stage4B_3Day_nohup_20260819T132526Z_w122_20260822T015740Z,stage4B_3Day_nohup_20260819T132526Z,22-Aug-2026 01:57:40,session_manifest,0,1,1
adsb_archive/adsb_archive/testing_machine/captures/stage4B_3Day_nohup_20260819T132526Z_w123_20260822T022740Z/truth/0_20260821_222742_adsb_stage4B_3Day_nohup_20260819T132526Z_w123_20260822T022740Z.txt.gz,C706068CBA87CBDDD1BAD395D17237555BA5A90949BBCAD58BB3E631128B682B,stage4B_3Day_nohup_20260819T132526Z_w123_20260822T022740Z,stage4B_3Day_nohup_20260819T132526Z,22-Aug-2026 02:27:40,session_manifest,0,1,1
adsb_archive/adsb_archive/testing_machine/captures/stage4B_3Day_nohup_20260819T132526Z_w124_20260822T025740Z/truth/0_20260821_225741_adsb_stage4B_3Day_nohup_20260819T132526Z_w124_20260822T025740Z.txt.gz,979B244D32E43565E885953CD60D829396E49449D2802614C2A432CD1DD11928,stage4B_3Day_nohup_20260819T132526Z_w124_20260822T025740Z,stage4B_3Day_nohup_20260819T132526Z,22-Aug-2026 02:57:40,session_manifest,0,1,1
adsb_archive/adsb_archive/testing_machine/captures/stage4B_3Day_nohup_20260819T132526Z_w125_20260822T032740Z/truth/0_20260821_232741_adsb_stage4B_3Day_nohup_20260819T132526Z_w125_20260822T032740Z.txt.gz,D23323E7093E057D4CD323B6150F7A23C650FC76AC5FFE196F99F3FE53FB534E,stage4B_3Day_nohup_20260819T132526Z_w125_20260822T032740Z,stage4B_3Day_nohup_20260819T132526Z,22-Aug-2026 03:27:40,session_manifest,0,1,1
adsb_archive/adsb_archive/testing_machine/captures/stage4B_3Day_nohup_20260819T132526Z_w126_20260822T035740Z/truth/0_20260821_235742_adsb_stage4B_3Day_nohup_20260819T132526Z_w126_20260822T035740Z.txt.gz,5A5F390CE9D551549E6ACA515F9D55DE97318521AFF8B7BA404A4B19F477EB3F,stage4B_3Day_nohup_20260819T132526Z_w126_20260822T035740Z,stage4B_3Day_nohup_20260819T132526Z,22-Aug-2026 03:57:40,session_manifest,0,1,1
adsb_archive/adsb_archive/testing_machine/captures/stage4B_3Day_nohup_20260819T132526Z_w127_20260822T042740Z/truth/0_20260822_002742_adsb_stage4B_3Day_nohup_20260819T132526Z_w127_20260822T042740Z.txt.gz,C20F9C1AEA46177847FE754298932513870F1DB987C5CA5B15761E50A81C0C4D,stage4B_3Day_nohup_20260819T132526Z_w127_20260822T042740Z,stage4B_3Day_nohup_20260819T132526Z,22-Aug-2026 04:27:40,session_manifest,0,1,1
adsb_archive/adsb_archive/testing_machine/captures/stage4B_3Day_nohup_20260819T132526Z_w128_20260822T045740Z/truth/0_20260822_005741_adsb_stage4B_3Day_nohup_20260819T132526Z_w128_20260822T045740Z.txt.gz,231E3B88904BDCBA6AEF0AAA2B09FA451DAD05E1552CD6315E845FCB4D367ACF,stage4B_3Day_nohup_20260819T132526Z_w128_20260822T045740Z,stage4B_3Day_nohup_20260819T132526Z,22-Aug-2026 04:57:40,session_manifest,0,1,1
adsb_archive/adsb_archive/testing_machine/captures/stage4B_3Day_nohup_20260819T132526Z_w129_20260822T052740Z/truth/0_20260822_012742_adsb_stage4B_3Day_nohup_20260819T132526Z_w129_20260822T052740Z.txt.gz,72C01612B72C15D715E6D3A50C697B10E99E339E71732141F37F094F4CBE536B,stage4B_3Day_nohup_20260819T132526Z_w129_20260822T052740Z,stage4B_3Day_nohup_20260819T132526Z,22-Aug-2026 05:27:40,session_manifest,0,1,1
adsb_archive/adsb_archive/testing_machine/captures/stage4B_3Day_nohup_20260819T132526Z_w130_20260822T055740Z/truth/0_20260822_015742_adsb_stage4B_3Day_nohup_20260819T132526Z_w130_20260822T055740Z.txt.gz,236D14D1E62AA9AD1EBB6D60F914B8C2A45F6439F1595C66D139EA9757F1FEB7,stage4B_3Day_nohup_20260819T132526Z_w130_20260822T055740Z,stage4B_3Day_nohup_20260819T132526Z,22-Aug-2026 05:57:40,session_manifest,0,1,1
adsb_archive/adsb_archive/testing_machine/captures/stage4B_3Day_nohup_20260819T132526Z_w131_20260822T062740Z/truth/0_20260822_023507_adsb_stage4B_3Day_nohup_20260819T132526Z_w131_20260822T062740Z.txt.gz,8DCBCF14E0514619B2489D6094969030FDB2AFD5774C69CDA2E5FDDFF296C368,stage4B_3Day_nohup_20260819T132526Z_w131_20260822T062740Z,stage4B_3Day_nohup_20260819T132526Z,22-Aug-2026 06:27:40,session_manifest,0,1,1
adsb_archive/adsb_archive/testing_machine/captures/stage4B_3Day_nohup_20260819T132526Z_w132_20260822T065740Z/truth/0_20260822_025754_adsb_stage4B_3Day_nohup_20260819T132526Z_w132_20260822T065740Z.txt.gz,CD93B286BB2CA0B60BD5652B3B49457A818312CD68220CE0D55A236EF8CE7559,stage4B_3Day_nohup_20260819T132526Z_w132_20260822T065740Z,stage4B_3Day_nohup_20260819T132526Z,22-Aug-2026 06:57:40,session_manifest,0,1,1
adsb_archive/adsb_archive/testing_machine/captures/stage4B_3Day_nohup_20260819T132526Z_w134_20260822T075740Z/truth/0_20260822_035741_adsb_stage4B_3Day_nohup_20260819T132526Z_w134_20260822T075740Z.txt.gz,9095C7476348FE9D1EF0D881BE833B01E39A033C4E7D60D18DA96AAF40872E42,stage4B_3Day_nohup_20260819T132526Z_w134_20260822T075740Z,stage4B_3Day_nohup_20260819T132526Z,22-Aug-2026 07:57:40,session_manifest,0,1,1
adsb_archive/adsb_archive/testing_machine/captures/stage4B_3Day_nohup_20260819T132526Z_w135_20260822T082740Z/truth/0_20260822_042741_adsb_stage4B_3Day_nohup_20260819T132526Z_w135_20260822T082740Z.txt.gz,7CB7162B004C2323FF01E2A60193C7736934D56A3E7188BBFEDEFCF8653F2643,stage4B_3Day_nohup_20260819T132526Z_w135_20260822T082740Z,stage4B_3Day_nohup_20260819T132526Z,22-Aug-2026 08:27:40,session_manifest,0,1,1
adsb_archive/adsb_archive/testing_machine/captures/stage4B_3Day_nohup_20260819T132526Z_w136_20260822T085740Z/truth/0_20260822_045742_adsb_stage4B_3Day_nohup_20260819T132526Z_w136_20260822T085740Z.txt.gz,220E7E56C060D91CEA7AE879B03137A8ACF39F92CC44968DF84896D4E3EAB452,stage4B_3Day_nohup_20260819T132526Z_w136_20260822T085740Z,stage4B_3Day_nohup_20260819T132526Z,22-Aug-2026 08:57:40,session_manifest,0,1,1
adsb_archive/adsb_archive/testing_machine/captures/stage4B_3Day_nohup_20260819T132526Z_w137_20260822T092740Z/truth/0_20260822_052741_adsb_stage4B_3Day_nohup_20260819T132526Z_w137_20260822T092740Z.txt.gz,6A09AD3A22A62DB1DB581D857DB6D1E72ED0AC31C62BDE87FA2ED7A924A515BB,stage4B_3Day_nohup_20260819T132526Z_w137_20260822T092740Z,stage4B_3Day_nohup_20260819T132526Z,22-Aug-2026 09:27:40,session_manifest,0,1,1
adsb_archive/adsb_archive/testing_machine/captures/stage4B_3Day_nohup_20260819T132526Z_w138_20260822T095740Z/truth/0_20260822_055741_adsb_stage4B_3Day_nohup_20260819T132526Z_w138_20260822T095740Z.txt.gz,FA984F9D35D5C5D2327FC6012B2D903A003753AD5887E3288FE084DF3338B2AF,stage4B_3Day_nohup_20260819T132526Z_w138_20260822T095740Z,stage4B_3Day_nohup_20260819T132526Z,22-Aug-2026 09:57:40,session_manifest,0,1,1
adsb_archive/adsb_archive/testing_machine/captures/stage4B_3Day_nohup_20260819T132526Z_w139_20260822T102740Z/truth/0_20260822_062741_adsb_stage4B_3Day_nohup_20260819T132526Z_w139_20260822T102740Z.txt.gz,605DDF6B231866D1CD96FA8216101DA0088E7901B3042C166F215A4088E0712E,stage4B_3Day_nohup_20260819T132526Z_w139_20260822T102740Z,stage4B_3Day_nohup_20260819T132526Z,22-Aug-2026 10:27:40,session_manifest,0,1,1
adsb_archive/adsb_archive/testing_machine/captures/stage4B_3Day_nohup_20260819T132526Z_w140_20260822T105740Z/truth/0_20260822_065741_adsb_stage4B_3Day_nohup_20260819T132526Z_w140_20260822T105740Z.txt.gz,DE0097A20D7B3912A22592A07DBEBDC050DDED5F1BDA4DF884DDBD8626D2F331,stage4B_3Day_nohup_20260819T132526Z_w140_20260822T105740Z,stage4B_3Day_nohup_20260819T132526Z,22-Aug-2026 10:57:40,session_manifest,0,1,1
adsb_archive/adsb_archive/testing_machine/captures/stage4B_3Day_nohup_20260819T132526Z_w141_20260822T112740Z/truth/0_20260822_072742_adsb_stage4B_3Day_nohup_20260819T132526Z_w141_20260822T112740Z.txt.gz,A5443B4F7ACF0FE7C389048C3F8F1710812F839EE3A9F6D69AA42DBAF3075C97,stage4B_3Day_nohup_20260819T132526Z_w141_20260822T112740Z,stage4B_3Day_nohup_20260819T132526Z,22-Aug-2026 11:27:41,session_manifest,0,1,1
adsb_archive/adsb_archive/testing_machine/captures/stage4B_3Day_nohup_20260819T132526Z_w142_20260822T115740Z/truth/0_20260822_075741_adsb_stage4B_3Day_nohup_20260819T132526Z_w142_20260822T115740Z.txt.gz,6F84A04123B36D034C5E76D715163A5EB03F816A7FF6C656694F7A671731B362,stage4B_3Day_nohup_20260819T132526Z_w142_20260822T115740Z,stage4B_3Day_nohup_20260819T132526Z,22-Aug-2026 11:57:40,session_manifest,0,1,1
adsb_archive/adsb_archive/testing_machine/captures/stage4B_3Day_nohup_20260819T132526Z_w143_20260822T122740Z/truth/0_20260822_082741_adsb_stage4B_3Day_nohup_20260819T132526Z_w143_20260822T122740Z.txt.gz,E2ED78BE51805D96EBC5929BB7F5F811C48E62FBEAA334FBDF15FE2CA3F48752,stage4B_3Day_nohup_20260819T132526Z_w143_20260822T122740Z,stage4B_3Day_nohup_20260819T132526Z,22-Aug-2026 12:27:40,session_manifest,0,1,1
adsb_archive/adsb_archive/testing_machine/captures/stage4B_3Day_nohup_20260819T132526Z_w144_20260822T125740Z/truth/0_20260822_085741_adsb_stage4B_3Day_nohup_20260819T132526Z_w144_20260822T125740Z.txt.gz,262218C2217606C7905908C2033B4F6705C3AEC72F1CD470B794522222435BE7,stage4B_3Day_nohup_20260819T132526Z_w144_20260822T125740Z,stage4B_3Day_nohup_20260819T132526Z,22-Aug-2026 12:57:40,session_manifest,0,1,1
