domain,profile,modelID,estimateStage,targetReference,sampleCount,eventCount,positionRMSEMeters,positionMedianErrorMeters,positionP95ErrorMeters,velocityRMSEMetersPerSecond,velocityMedianErrorMetersPerSecond,velocityP95ErrorMetersPerSecond,meanNEES,stateCoverage95,positionCoverage95,divergenceCount,invalidCovarianceCount
real_adsb,baseline,ca_ekf,posterior,adsb_scoring_proxy,3988,40,27.3891630027921,5.98558343804597,20.2409715273936,3.69101303730073,1.71673823993868,6.12801449394779,NaN,NaN,NaN,0,0
real_adsb,baseline,ca_ekf,prior,adsb_scoring_proxy,3988,40,27.3891630027921,5.98558343804597,20.2409715273936,3.69101303730073,1.71673823993868,6.12801449394779,NaN,NaN,NaN,0,0
real_adsb,baseline,ct_ekf,posterior,adsb_scoring_proxy,3988,40,20.117829821725,6.64227377351664,31.5553416405461,4.68081126701156,1.65928393130851,8.45863073194481,NaN,NaN,NaN,0,0
real_adsb,baseline,ct_ekf,prior,adsb_scoring_proxy,3988,40,20.117829821725,6.64227377351664,31.5553416405461,4.68081126701156,1.65928393130851,8.45863073194481,NaN,NaN,NaN,0,0
real_adsb,baseline,cv_ekf,posterior,adsb_scoring_proxy,3988,40,20.9901661980604,6.49366243936924,30.8961746432416,4.7253128878437,1.6513210739446,8.28820579168018,NaN,NaN,NaN,0,0
real_adsb,baseline,cv_ekf,prior,adsb_scoring_proxy,3988,40,20.9901661980604,6.49366243936924,30.8961746432416,4.7253128878437,1.6513210739446,8.28820579168018,NaN,NaN,NaN,0,0
real_adsb,baseline,native_imm,posterior,adsb_scoring_proxy,3988,40,11.6159543236826,5.59467770946674,17.7441319291131,2.56900887243196,1.52874942472461,4.7869524606303,NaN,NaN,NaN,0,0
real_adsb,baseline,native_imm,prior,adsb_scoring_proxy,3988,40,11.6159543236826,5.59467770946674,17.7441319291131,2.56900887243196,1.52874942472461,4.7869524606303,NaN,NaN,NaN,0,0
real_adsb,baseline,warm_ukf,posterior,adsb_scoring_proxy,3988,40,239.391914723431,18.5283743867416,90.364953439576,14.6889831502841,10.3891911467453,28.0188991972084,NaN,NaN,NaN,0,0
real_adsb,baseline,warm_ukf,prior,adsb_scoring_proxy,3988,40,239.391914723431,18.5283743867416,90.364953439576,14.6889831502841,10.3891911467453,28.0188991972084,NaN,NaN,NaN,0,0
real_adsb,burst_outage,ca_ekf,posterior,adsb_scoring_proxy,3988,40,501.725940617242,7.30594761037411,411.273563549255,19.7145629017748,2.05516035932006,17.552739944823,NaN,NaN,NaN,0,0
real_adsb,burst_outage,ca_ekf,prior,adsb_scoring_proxy,3988,40,501.725940617242,7.30594761037411,411.273563549255,19.7145629017748,2.05516035932006,17.552739944823,NaN,NaN,NaN,0,0
real_adsb,burst_outage,ct_ekf,posterior,adsb_scoring_proxy,3988,40,307.636812379805,8.34751708994301,372.120339978442,10.3492156890815,1.93029867054129,19.0424591170947,NaN,NaN,NaN,0,0
real_adsb,burst_outage,ct_ekf,prior,adsb_scoring_proxy,3988,40,307.636812379805,8.34751708994301,372.120339978442,10.3492156890815,1.93029867054129,19.0424591170947,NaN,NaN,NaN,0,0
real_adsb,burst_outage,cv_ekf,posterior,adsb_scoring_proxy,3988,40,316.745491527277,8.17567608273068,312.91150054549,10.5619795146226,1.88484703886583,18.5896916394033,NaN,NaN,NaN,0,0
real_adsb,burst_outage,cv_ekf,prior,adsb_scoring_proxy,3988,40,316.745491527277,8.17567608273068,312.91150054549,10.5619795146226,1.88484703886583,18.5896916394033,NaN,NaN,NaN,0,0
real_adsb,burst_outage,native_imm,posterior,adsb_scoring_proxy,3988,40,167.187979341152,6.69812424207893,267.080054244374,7.45316385247863,1.77671467285598,12.1552248771733,NaN,NaN,NaN,0,0
real_adsb,burst_outage,native_imm,prior,adsb_scoring_proxy,3988,40,167.187979341152,6.69812424207893,267.080054244374,7.45316385247863,1.77671467285598,12.1552248771733,NaN,NaN,NaN,0,0
real_adsb,burst_outage,warm_ukf,posterior,adsb_scoring_proxy,3988,40,4035.38735982395,24.2159299343321,4840.93566547073,32.9870188652837,11.492674801937,45.5635293782722,NaN,NaN,NaN,0,0
real_adsb,burst_outage,warm_ukf,prior,adsb_scoring_proxy,3988,40,4035.38735982395,24.2159299343321,4840.93566547073,32.9870188652837,11.492674801937,45.5635293782722,NaN,NaN,NaN,0,0
real_adsb,random_dropout_10,ca_ekf,posterior,adsb_scoring_proxy,3988,40,28.6782553556283,6.12341338574227,21.6031365978036,3.85192377393034,1.75684752830264,6.17513792446213,NaN,NaN,NaN,0,0
real_adsb,random_dropout_10,ca_ekf,prior,adsb_scoring_proxy,3988,40,28.6782553556283,6.12341338574227,21.6031365978036,3.85192377393034,1.75684752830264,6.17513792446213,NaN,NaN,NaN,0,0
real_adsb,random_dropout_10,ct_ekf,posterior,adsb_scoring_proxy,3988,40,22.0849687701398,6.86724147850737,32.7742338454964,4.87189860833238,1.68383623953024,8.55102195569667,NaN,NaN,NaN,0,0
real_adsb,random_dropout_10,ct_ekf,prior,adsb_scoring_proxy,3988,40,22.0849687701398,6.86724147850737,32.7742338454964,4.87189860833238,1.68383623953024,8.55102195569667,NaN,NaN,NaN,0,0
real_adsb,random_dropout_10,cv_ekf,posterior,adsb_scoring_proxy,3988,40,22.8625165742187,6.6608704036176,32.8672906566103,4.91532441113487,1.67267913098379,8.57060071739329,NaN,NaN,NaN,0,0
real_adsb,random_dropout_10,cv_ekf,prior,adsb_scoring_proxy,3988,40,22.8625165742187,6.6608704036176,32.8672906566103,4.91532441113487,1.67267913098379,8.57060071739329,NaN,NaN,NaN,0,0
real_adsb,random_dropout_10,native_imm,posterior,adsb_scoring_proxy,3988,40,13.427456526182,5.68401040161218,18.3372946283106,2.69983060717515,1.54950342583595,4.92137310826341,NaN,NaN,NaN,0,0
real_adsb,random_dropout_10,native_imm,prior,adsb_scoring_proxy,3988,40,13.427456526182,5.68401040161218,18.3372946283106,2.69983060717515,1.54950342583595,4.92137310826341,NaN,NaN,NaN,0,0
real_adsb,random_dropout_10,warm_ukf,posterior,adsb_scoring_proxy,3988,40,293.140515383896,19.2202933476918,115.484939933117,15.0761732156668,10.5783733980366,27.2965176464961,NaN,NaN,NaN,0,0
real_adsb,random_dropout_10,warm_ukf,prior,adsb_scoring_proxy,3988,40,293.140515383896,19.2202933476918,115.484939933117,15.0761732156668,10.5783733980366,27.2965176464961,NaN,NaN,NaN,0,0
real_adsb,random_dropout_25,ca_ekf,posterior,adsb_scoring_proxy,3988,40,31.7150167071996,6.40946434327565,22.5848564545461,4.02981068885202,1.79449174169384,6.61367520701994,NaN,NaN,NaN,0,0
real_adsb,random_dropout_25,ca_ekf,prior,adsb_scoring_proxy,3988,40,31.7150167071996,6.40946434327565,22.5848564545461,4.02981068885202,1.79449174169384,6.61367520701994,NaN,NaN,NaN,0,0
real_adsb,random_dropout_25,ct_ekf,posterior,adsb_scoring_proxy,3988,40,26.6237397480995,7.28659782565984,35.2744981138753,5.09589009586938,1.74293679575827,9.25013392777952,NaN,NaN,NaN,0,0
real_adsb,random_dropout_25,ct_ekf,prior,adsb_scoring_proxy,3988,40,26.6237397480995,7.28659782565984,35.2744981138753,5.09589009586938,1.74293679575827,9.25013392777952,NaN,NaN,NaN,0,0
real_adsb,random_dropout_25,cv_ekf,posterior,adsb_scoring_proxy,3988,40,28.9491556226526,7.12330165112403,34.6922553775646,5.16659838692277,1.71267785279443,9.13821193209642,NaN,NaN,NaN,0,0
real_adsb,random_dropout_25,cv_ekf,prior,adsb_scoring_proxy,3988,40,28.9491556226526,7.12330165112403,34.6922553775646,5.16659838692277,1.71267785279443,9.13821193209642,NaN,NaN,NaN,0,0
real_adsb,random_dropout_25,native_imm,posterior,adsb_scoring_proxy,3988,40,15.6045452907537,5.8938984620653,19.1413558108984,2.79140651812456,1.58096530428859,5.02550771797203,NaN,NaN,NaN,0,0
real_adsb,random_dropout_25,native_imm,prior,adsb_scoring_proxy,3988,40,15.6045452907537,5.8938984620653,19.1413558108984,2.79140651812456,1.58096530428859,5.02550771797203,NaN,NaN,NaN,0,0
real_adsb,random_dropout_25,warm_ukf,posterior,adsb_scoring_proxy,3988,40,386.779546938524,20.8104940022954,189.603341196214,14.8707519094184,10.5532234951709,26.9327844450219,NaN,NaN,NaN,0,0
real_adsb,random_dropout_25,warm_ukf,prior,adsb_scoring_proxy,3988,40,386.779546938524,20.8104940022954,189.603341196214,14.8707519094184,10.5532234951709,26.9327844450219,NaN,NaN,NaN,0,0
synthetic_canonical,degraded,ca_ekf,posterior,latent_kinematic_truth,1680,7,94.1602062734879,39.6533979774926,174.316449820412,14.7938122565261,9.21542330875095,23.2378183835045,3.49028642254998,0.998214285714286,0.992857142857143,0,0
synthetic_canonical,degraded,ca_ekf,prior,latent_kinematic_truth,1680,7,100.783555401437,44.0397321037898,184.33207182142,15.4900040827105,9.73519485322701,24.4053713914059,3.40200833761527,0.998214285714286,0.994047619047619,0,0
synthetic_canonical,degraded,ct_ekf,posterior,latent_kinematic_truth,1680,7,116.11734504752,31.8143684175611,160.099462292692,17.5095495686893,4.076111222158,39.9276055285,16.4905573321364,0.788095238095238,0.804761904761905,0,0
synthetic_canonical,degraded,ct_ekf,prior,latent_kinematic_truth,1680,7,124.015456591836,34.0151355986028,181.121102865064,18.2909532155227,4.10543489833131,41.9536179107218,17.0958484817486,0.786904761904762,0.802976190476191,0,0
synthetic_canonical,degraded,cv_ekf,posterior,latent_kinematic_truth,1680,7,122.192570873027,32.6696304546406,178.420818993108,18.5576501508575,3.75817552799987,43.9118093462667,18.9177311079979,0.798809523809524,0.8,0,0
synthetic_canonical,degraded,cv_ekf,prior,latent_kinematic_truth,1680,7,130.590735260151,34.5098365752572,199.411853931165,19.4005161825201,3.81273871972745,46.5262083420598,19.6761391657124,0.798809523809524,0.8,0,0
synthetic_canonical,degraded,native_imm,posterior,latent_kinematic_truth,1680,7,81.4362383751629,40.7901201530902,140.807693151059,16.2740041642025,10.415519858806,29.7498566453385,2.39139615749522,0.998809523809524,0.998809523809524,0,0
synthetic_canonical,degraded,native_imm,prior,latent_kinematic_truth,1680,7,88.171018919033,45.379404989793,151.211490451639,17.270257906789,10.8113170504563,31.7205506788213,2.2326444990063,0.998809523809524,0.998809523809524,0,0
synthetic_canonical,degraded,warm_ukf,posterior,latent_kinematic_truth,1680,7,399.615756605792,48.860835619416,786.972913989756,32.1520711483551,21.4568412717882,58.7360807463509,23.0598057436829,0.464880952380952,0.899404761904762,0,0
synthetic_canonical,degraded,warm_ukf,prior,latent_kinematic_truth,1680,7,428.898584471,56.4720264814103,841.660354243573,32.6757530048057,21.4226198447278,60.371849382293,23.1259187846881,0.469047619047619,0.888690476190476,0,0
synthetic_canonical,empirical_timing,ca_ekf,posterior,latent_kinematic_truth,1680,7,21.6239263912095,0.000497635700037827,6.75211873926476,3.83702582119194,0.000877802105473058,3.81108344918158,0.316423162606222,0.993452380952381,0.999404761904762,0,0
synthetic_canonical,empirical_timing,ca_ekf,prior,latent_kinematic_truth,1680,7,23.4776055904608,0.00112809796591025,9.02142191043933,4.09595073033975,0.00124276117437416,4.73418029046131,0.359647863257852,0.991666666666667,0.997619047619048,0,0
synthetic_canonical,empirical_timing,ct_ekf,posterior,latent_kinematic_truth,1680,7,42.2901934556238,0.0707392694484778,19.3730706812692,7.82987523393867,0.190568916432449,8.45858121725026,4.31140537850083,0.929166666666667,0.933928571428571,0,0
synthetic_canonical,empirical_timing,ct_ekf,prior,latent_kinematic_truth,1680,7,46.0206146766698,0.173291997637079,22.7818614024414,8.43458863573435,0.26464736629747,10.7937909304243,5.06669913477417,0.894047619047619,0.892261904761905,0,0
synthetic_canonical,empirical_timing,cv_ekf,posterior,latent_kinematic_truth,1680,7,43.1770580863127,0.000653781119581254,14.0882028075109,8.12991798741637,0.000623771823992557,9.53339361842935,4.93015620390804,0.913690476190476,0.919642857142857,0,0
synthetic_canonical,empirical_timing,cv_ekf,prior,latent_kinematic_truth,1680,7,47.0335373703904,0.00130939220002153,19.5113690406626,8.78815670642535,0.00131779963440099,11.9342121109769,5.83381716022083,0.870238095238095,0.870833333333333,0,0
synthetic_canonical,empirical_timing,native_imm,posterior,latent_kinematic_truth,1680,7,16.5832426523845,0.0483224613143274,7.56829975511957,3.20741441300022,0.00521950061336533,2.78848938011631,0.0549100862391108,1,1,0,0
synthetic_canonical,empirical_timing,native_imm,prior,latent_kinematic_truth,1680,7,18.1496282225413,0.142006925913744,9.06216264515563,3.46983422835781,0.00680388031521605,3.43292644019805,0.0600342245642032,1,1,0,0
synthetic_canonical,empirical_timing,warm_ukf,posterior,latent_kinematic_truth,1680,7,767.131368640396,6.97933273964755,919.364229454269,27.5039741792241,18.0953621233526,54.5224993866624,16.2839020521865,0.614285714285714,0.970833333333333,0,0
synthetic_canonical,empirical_timing,warm_ukf,prior,latent_kinematic_truth,1680,7,802.234119958001,17.2547901470365,999.709560909969,28.120818137399,18.2244584831072,56.4626690211659,16.8456907713529,0.601785714285714,0.963095238095238,0,0
synthetic_canonical,ideal,ca_ekf,posterior,latent_kinematic_truth,1680,7,0.146958889153114,3.7055694039508e-05,0.162998512500686,0.416824422142608,5.33213714364575e-05,0.363478246280713,0.209014946168488,0.994642857142857,1,0,0
synthetic_canonical,ideal,ca_ekf,prior,latent_kinematic_truth,1680,7,0.397619877032487,9.36621568143892e-05,0.391235336890458,0.649158039240798,8.15383108139025e-05,0.575838485504573,0.267328399133977,0.992857142857143,1,0,0
synthetic_canonical,ideal,ct_ekf,posterior,latent_kinematic_truth,1680,7,0.531514606189981,0.000501563310951862,1.41966023033534,1.38584815798439,0.000920884302631692,3.69163574255176,1.21178737425133,0.998214285714286,1,0,0
synthetic_canonical,ideal,ct_ekf,prior,latent_kinematic_truth,1680,7,1.44318942599838,0.00130263140949384,3.86315120150817,2.27558962004418,0.00165387169319015,6.08648445559451,1.97870289089681,0.9375,0.938095238095238,0,0
synthetic_canonical,ideal,cv_ekf,posterior,latent_kinematic_truth,1680,7,0.580119847737028,7.34185008708972e-07,1.52585868727033,1.51494383478492,1.16013383314847e-06,3.9705511686944,1.43311721084058,0.998214285714286,1,0,0
synthetic_canonical,ideal,cv_ekf,prior,latent_kinematic_truth,1680,7,1.57864625267604,1.97922703164071e-06,4.15621612384377,2.49182279365279,1.54351979010184e-06,6.55220301435595,2.34879149382602,0.895238095238095,0.895833333333333,0,0
synthetic_canonical,ideal,native_imm,posterior,latent_kinematic_truth,1680,7,0.113362692438805,7.9621530951982e-07,0.24075430737606,0.343404897056443,1.55799167208113e-06,0.623832425122711,0.0526851055467446,1,1,0,0
synthetic_canonical,ideal,native_imm,prior,latent_kinematic_truth,1680,7,0.339130135628992,0.00718021985134995,0.653883463610005,0.602548511606614,0.000115039000285236,1.03937647387762,0.0602689643647806,1,1,0,0
synthetic_canonical,ideal,warm_ukf,posterior,latent_kinematic_truth,1680,7,0.0602700357759846,0.0520008777426789,0.11019235733527,27.3890607138053,16.1031591112678,50.7415852976182,12.5512442956491,0.661904761904762,1,0,0
synthetic_canonical,ideal,warm_ukf,prior,latent_kinematic_truth,1680,7,161.409203349093,10.476817078136,36.7309077457071,27.9358237531496,16.1926608293321,52.6380238183118,13.2623644141754,0.645238095238095,1,0,0
synthetic_in_distribution,degraded,ca_ekf,posterior,latent_kinematic_truth,7200,6,107.536522402902,43.9125698345084,203.647507382169,20.2793497627895,10.7440809685383,39.5991363202944,5.28021897776827,0.943472222222222,0.954027777777778,0,0
synthetic_in_distribution,degraded,ca_ekf,prior,latent_kinematic_truth,7200,6,116.627592555965,48.5014206863293,219.921850589599,21.6058949568802,11.5550961126,42.429002301589,5.28099540265998,0.942638888888889,0.952083333333333,0,0
synthetic_in_distribution,degraded,ct_ekf,posterior,latent_kinematic_truth,7200,6,211.198344325304,57.7380236105797,404.086939354899,36.9054042960968,13.0695973856552,83.4649158917628,74.6092822299853,0.462083333333333,0.524305555555556,0,0
synthetic_in_distribution,degraded,ct_ekf,prior,latent_kinematic_truth,7200,6,227.79108376198,63.6430582748041,440.98953637839,38.7333260397137,13.8834804318699,87.9537901919352,78.2351938956658,0.454722222222222,0.507222222222222,0,0
synthetic_in_distribution,degraded,cv_ekf,posterior,latent_kinematic_truth,7200,6,231.400822801138,53.0498247853046,411.190354835934,38.1964622536924,9.93019280521138,81.8854213266928,77.6620990522623,0.520694444444444,0.563055555555556,0,0
synthetic_in_distribution,degraded,cv_ekf,prior,latent_kinematic_truth,7200,6,248.577803075008,58.0068027143849,447.474346964201,39.9930280179253,10.3557662233031,86.2783030121236,81.3279242925342,0.516666666666667,0.552222222222222,0,0
synthetic_in_distribution,degraded,native_imm,posterior,latent_kinematic_truth,7200,6,138.540611837116,44.4997861929694,241.40705788264,24.7411376303926,12.8630405157583,50.0311818491047,2.91239219121234,0.996805555555556,0.985833333333333,0,0
synthetic_in_distribution,degraded,native_imm,prior,latent_kinematic_truth,7200,6,149.190840142169,50.3895875808047,262.541671390057,26.1807793940573,13.7488501449521,53.245826577565,2.75488429798783,0.997638888888889,0.991944444444444,0,0
synthetic_in_distribution,degraded,warm_ukf,posterior,latent_kinematic_truth,7200,6,486.394544585225,67.070497165746,816.59641818147,81.1143328921948,65.9273266463406,139.605069702088,115.96062112411,0.0423611111111111,0.72,0,0
synthetic_in_distribution,degraded,warm_ukf,prior,latent_kinematic_truth,7200,6,545.141998016707,81.6942744447825,1002.61808233879,82.0226477472739,66.4570780077439,141.461957850447,116.79860281261,0.0419444444444444,0.690694444444444,0,0
synthetic_in_distribution,empirical_timing,ca_ekf,posterior,latent_kinematic_truth,7200,6,42.4033836982072,0.0895902913220424,25.5347610167503,8.46345534315312,0.188675034507967,11.2664645442313,1.72392860446829,0.969861111111111,0.983055555555556,0,0
synthetic_in_distribution,empirical_timing,ca_ekf,prior,latent_kinematic_truth,7200,6,46.4661049063686,0.229370042394604,31.4862781859963,9.11858196517842,0.290071421905575,13.6169210896761,1.98284266578723,0.964861111111111,0.975416666666667,0,0
synthetic_in_distribution,empirical_timing,ct_ekf,posterior,latent_kinematic_truth,7200,6,83.3483154838044,1.52404893353859,111.524010185996,16.4904693241412,2.66722775065876,32.4880592756521,22.5650290439471,0.710138888888889,0.751388888888889,0,0
synthetic_in_distribution,empirical_timing,ct_ekf,prior,latent_kinematic_truth,7200,6,91.0434665526701,3.57634177337639,126.983979916835,17.9262980428,3.64884023769757,35.2928614335514,26.7691563389241,0.658611111111111,0.65875,0,0
synthetic_in_distribution,empirical_timing,cv_ekf,posterior,latent_kinematic_truth,7200,6,94.1015985148993,0.976574173262088,108.29297808342,17.9032461094388,1.73230408463157,35.2049317683759,24.8507624964364,0.705694444444444,0.758611111111111,0,0
synthetic_in_distribution,empirical_timing,cv_ekf,prior,latent_kinematic_truth,7200,6,102.500577702798,2.28934996832521,124.784924399158,19.342199692431,2.32516814441556,36.5689909951156,29.1110227455564,0.669722222222222,0.671666666666667,0,0
synthetic_in_distribution,empirical_timing,native_imm,posterior,latent_kinematic_truth,7200,6,32.1161535937518,0.301331738291693,38.3726347488105,6.51276087597065,0.553511725362297,11.6583517068846,0.2512078752572,1,1,0,0
synthetic_in_distribution,empirical_timing,native_imm,prior,latent_kinematic_truth,7200,6,35.1576010923725,0.733954769080856,45.0125129649172,7.03705522332808,0.821002587079012,13.0834656949914,0.279419471865266,1,0.999722222222222,0,0
synthetic_in_distribution,empirical_timing,warm_ukf,posterior,latent_kinematic_truth,7200,6,506.064343292846,14.5813878493738,439.459620410331,78.832697876874,64.739825759375,141.421877895453,80.2437028087471,0.0726388888888889,0.89,0,0
synthetic_in_distribution,empirical_timing,warm_ukf,prior,latent_kinematic_truth,7200,6,543.761738771086,31.8168077445897,498.440002424254,79.7016766313799,65.3414959638351,144.704925749995,81.9360922799236,0.0647222222222222,0.848333333333333,0,0
synthetic_in_distribution,ideal,ca_ekf,posterior,latent_kinematic_truth,7200,6,0.346573007780457,0.0303581154517164,0.529245754542523,0.995794035392541,0.0760151193632354,1.44545022801841,1.14582210677116,0.978472222222222,0.994722222222222,0,0
synthetic_in_distribution,ideal,ca_ekf,prior,latent_kinematic_truth,7200,6,0.948801711722403,0.082755628712806,1.45217083314181,1.56516969806249,0.123551699910814,2.34787445925259,1.47323977882644,0.973888888888889,0.984166666666667,0,0
synthetic_in_distribution,ideal,ct_ekf,posterior,latent_kinematic_truth,7200,6,1.25067274758459,0.507460511125102,2.81629759682732,3.26510704466124,1.32338774827253,7.35404495223183,6.71998430812877,0.855972222222222,0.909027777777778,0,0
synthetic_in_distribution,ideal,ct_ekf,prior,latent_kinematic_truth,7200,6,3.39657376445093,1.38307689237943,7.64879277019039,5.35978496949839,2.17697221247139,12.0772566747476,10.9664318272755,0.730972222222222,0.734444444444444,0,0
synthetic_in_distribution,ideal,cv_ekf,posterior,latent_kinematic_truth,7200,6,1.25718492293842,0.317117776692077,2.84463829074621,3.29264920688866,0.82075874458038,7.44353132285933,6.76779608852695,0.80625,0.900555555555556,0,0
synthetic_in_distribution,ideal,cv_ekf,prior,latent_kinematic_truth,7200,6,3.42337586804041,0.861455224820919,7.75005169251441,5.41241611021107,1.35632491668,12.2863534139182,11.070200318567,0.740416666666667,0.74375,0,0
synthetic_in_distribution,ideal,native_imm,posterior,latent_kinematic_truth,7200,6,0.229692866916103,0.114021211054855,0.439883782066263,0.692396176355618,0.2423844126703,1.25224691509878,0.222463802382905,0.999861111111111,1,0,0
synthetic_in_distribution,ideal,native_imm,prior,latent_kinematic_truth,7200,6,0.688155931379407,0.28980651961728,1.32584370732005,1.25231343145556,0.38376274945217,2.1637395028112,0.280182764128269,0.999583333333333,0.999861111111111,0,0
synthetic_in_distribution,ideal,warm_ukf,posterior,latent_kinematic_truth,7200,6,0.0895589532282353,0.0584957063254927,0.185369413467625,76.5146494236791,67.1412943717899,121.284081116718,73.4358031684037,0.0638888888888889,1,0,0
synthetic_in_distribution,ideal,warm_ukf,prior,latent_kinematic_truth,7200,6,103.57875173223,18.098501277101,46.9455702739145,77.3065042303689,67.5453186676304,121.676355981077,75.0287909094601,0.055,0.980694444444444,0,0
synthetic_out_of_distribution,degraded,ca_ekf,posterior,latent_kinematic_truth,3600,3,713.417041604192,118.720215783366,1032.28159338772,169.38466569342,61.826627412835,323.857381084823,266.193271147173,0.272777777777778,0.406388888888889,0,0
synthetic_out_of_distribution,degraded,ca_ekf,prior,latent_kinematic_truth,3600,3,787.768308807252,151.111325451225,1195.7638919866,182.137451470634,68.6350944888429,343.776243812422,279.63779067844,0.27,0.388611111111111,0,0
synthetic_out_of_distribution,degraded,ct_ekf,posterior,latent_kinematic_truth,3600,3,756.254491061799,236.80063167121,1437.77980726948,176.75105162984,62.2565671703884,381.715169444039,2323.24793702994,0.0216666666666667,0.0555555555555556,0,0
synthetic_out_of_distribution,degraded,ct_ekf,prior,latent_kinematic_truth,3600,3,829.044677851998,274.20340156854,1618.93338582071,185.073390359562,65.9350492248009,401.255771341421,2415.08473120314,0.0216666666666667,0.0455555555555556,0,0
synthetic_out_of_distribution,degraded,cv_ekf,posterior,latent_kinematic_truth,3600,3,722.316628922179,206.090858800255,1467.68738237293,174.729269105087,54.0381048246544,378.70667660493,2307.42349680749,0.0958333333333333,0.183611111111111,0,0
synthetic_out_of_distribution,degraded,cv_ekf,prior,latent_kinematic_truth,3600,3,794.602645373452,236.779301996446,1603.68919690712,183.011121415356,58.3812812266778,394.759913522288,2399.86138469032,0.0947222222222222,0.172777777777778,0,0
synthetic_out_of_distribution,degraded,native_imm,posterior,latent_kinematic_truth,3600,3,414.531649260547,55.5439828935794,435.825437965246,89.3213181178459,25.9114412405264,169.751632289409,10.4818060786667,0.793611111111111,0.872222222222222,0,0
synthetic_out_of_distribution,degraded,native_imm,prior,latent_kinematic_truth,3600,3,453.466790603651,68.1247254227239,501.804525516165,96.2841515900008,28.5916713735204,190.953716667667,10.4969355976181,0.7925,0.853055555555556,0,0
synthetic_out_of_distribution,degraded,warm_ukf,posterior,latent_kinematic_truth,3600,3,618.099097010422,146.683440539631,1212.23572202513,185.983159016178,104.064695232806,368.567471188606,390.956521508588,0.0230555555555556,0.328611111111111,0,0
synthetic_out_of_distribution,degraded,warm_ukf,prior,latent_kinematic_truth,3600,3,691.546393081145,191.300444792045,1415.26768139346,192.051176616596,106.442406580374,384.46117569534,406.906562499938,0.0216666666666667,0.293055555555556,0,0
synthetic_out_of_distribution,empirical_timing,ca_ekf,posterior,latent_kinematic_truth,3600,3,383.725133740565,2.85246100976615,231.692177696628,87.9634593992375,6.3120396918783,129.307383734004,301.744987707668,0.445555555555556,0.544166666666667,0,0
synthetic_out_of_distribution,empirical_timing,ca_ekf,prior,latent_kinematic_truth,3600,3,424.484295856464,7.54355441812033,294.70187551035,95.344971460384,8.95373490314134,147.362642847129,342.47873018288,0.428055555555556,0.463888888888889,0,0
synthetic_out_of_distribution,empirical_timing,ct_ekf,posterior,latent_kinematic_truth,3600,3,367.055150280181,10.2181503379638,344.894279617192,81.3959459777499,16.7103782135952,156.192734240968,802.326936765636,0.188333333333333,0.298888888888889,0,0
synthetic_out_of_distribution,empirical_timing,ct_ekf,prior,latent_kinematic_truth,3600,3,402.718552813457,22.3793802632661,416.641134203366,90.1076157428597,21.6253304091987,178.015288176215,972.704064064367,0.131388888888889,0.143055555555556,0,0
synthetic_out_of_distribution,empirical_timing,cv_ekf,posterior,latent_kinematic_truth,3600,3,337.942638641598,6.80013045670218,304.580376050952,77.9564139237683,9.25465403504774,157.671291419742,778.905068026085,0.413333333333333,0.457777777777778,0,0
synthetic_out_of_distribution,empirical_timing,cv_ekf,prior,latent_kinematic_truth,3600,3,371.709184287502,14.3069727752464,369.677911304654,86.8151411994999,12.0313841172797,178.183263674467,950.918156594351,0.371944444444444,0.385833333333333,0,0
synthetic_out_of_distribution,empirical_timing,native_imm,posterior,latent_kinematic_truth,3600,3,273.672678237035,1.20599817611121,130.134578113125,63.7017025743853,2.79011323211439,88.8984558495046,12.0257664644936,0.826944444444444,0.886111111111111,0,0
synthetic_out_of_distribution,empirical_timing,native_imm,prior,latent_kinematic_truth,3600,3,301.970478621018,3.40376900383344,164.303050062968,68.9495178737502,4.22111298060442,108.874796617689,14.3935888646696,0.799444444444444,0.825277777777778,0,0
synthetic_out_of_distribution,empirical_timing,warm_ukf,posterior,latent_kinematic_truth,3600,3,851.37205770547,26.5827787262081,891.463965328157,175.491724942929,99.7359497912498,365.917748006686,378.924884597779,0.0263888888888889,0.6825,0,0
synthetic_out_of_distribution,empirical_timing,warm_ukf,prior,latent_kinematic_truth,3600,3,913.682663748046,81.3587635770594,1071.94450632796,181.069779067231,101.545872689159,380.341246981212,399.089429830347,0.0225,0.470277777777778,0,0
synthetic_out_of_distribution,ideal,ca_ekf,posterior,latent_kinematic_truth,3600,3,4.23038055134669,1.11110234778984,9.01079430007307,11.9630905884679,2.55446345646352,25.8044332605798,164.70449461174,0.512777777777778,0.628888888888889,0,0
synthetic_out_of_distribution,ideal,ca_ekf,prior,latent_kinematic_truth,3600,3,11.5334150750639,2.70243626019066,24.6002518204079,18.848551710436,4.03188765581281,40.9360967807307,213.378618689921,0.494444444444444,0.535555555555556,0,0
synthetic_out_of_distribution,ideal,ct_ekf,posterior,latent_kinematic_truth,3600,3,8.05552452330585,2.37704832486905,17.9179884583338,21.345979237192,6.21636198852795,47.24391288585,291.565133784275,0.305277777777778,0.470277777777778,0,0
synthetic_out_of_distribution,ideal,ct_ekf,prior,latent_kinematic_truth,3600,3,21.8945878387359,6.45810275597488,48.7782785577614,34.7576999734367,10.1674671609327,77.4708551786959,467.847607670577,0.185833333333333,0.200555555555556,0,0
synthetic_out_of_distribution,ideal,cv_ekf,posterior,latent_kinematic_truth,3600,3,8.10074527980347,1.4319771583141,18.5314974135482,21.5088783857504,3.86595755061875,49.4436764295095,293.531124626236,0.540555555555556,0.577777777777778,0,0
synthetic_out_of_distribution,ideal,cv_ekf,prior,latent_kinematic_truth,3600,3,22.0574573611786,3.9323193779101,50.4350352193736,35.0568181949195,6.04642828486253,79.9251556995464,472.130885102262,0.4775,0.488611111111111,0,0
synthetic_out_of_distribution,ideal,native_imm,posterior,latent_kinematic_truth,3600,3,1.22019776851517,0.701705585248742,2.04270088171561,3.97257601430329,1.44493905153531,8.9772418767682,10.132104957314,0.878611111111111,0.958888888888889,0,0
synthetic_out_of_distribution,ideal,native_imm,prior,latent_kinematic_truth,3600,3,4.02720519142122,1.79028542441453,9.16132471661475,8.35201356082012,2.08117818314795,19.7415232197593,13.9358596535425,0.831666666666667,0.856666666666667,0,0
synthetic_out_of_distribution,ideal,warm_ukf,posterior,latent_kinematic_truth,3600,3,0.355588515774896,0.118013960130804,0.824170298868799,150.886646222634,96.083673417317,312.675556661922,334.012275511985,0.0269444444444444,1,0,0
synthetic_out_of_distribution,ideal,warm_ukf,prior,latent_kinematic_truth,3600,3,126.934777919685,39.0269980915641,146.452401838462,157.564906994959,97.3734572042635,328.077769291449,353.414037780259,0.0163888888888889,0.641944444444444,0,0
