domain,profile,comparisonFamily,modelID,transitionBin,transitionBinCenterSeconds,sampleCount,eventCount,positionRMSEMeters,positionMedianErrorMeters,velocityRMSEMetersPerSecond,velocityMedianErrorMetersPerSecond
synthetic_canonical,ideal,same_information,expanded_warm_mean_v1,minus30_to_minus10,-20,524,5,11.3103389494536,9.61870320656911,1.29247177610374,0.240757174113135
synthetic_canonical,ideal,same_information,constvel,minus30_to_minus10,-20,524,5,0.32510144531702,0.0187500000010914,1.30040578126823,0.0750000000000002
synthetic_canonical,ideal,causal_history,expanded_warm_mean_v1,minus30_to_minus10,-20,524,5,11.3103389494536,9.61870320656911,1.29247177610374,0.240757174113135
synthetic_canonical,ideal,causal_history,constvel,minus30_to_minus10,-20,524,5,0.32510144531702,0.0187500000010914,1.30040578126823,0.0750000000000002
synthetic_canonical,ideal,causal_history,constacc,minus30_to_minus10,-20,524,5,0.00451736066849545,0,0.0180694426743592,0
synthetic_canonical,ideal,causal_history,constturn,minus30_to_minus10,-20,524,5,0.0612196774519672,0.00534725212330868,0.243733841265739,0.0156052617564776
synthetic_canonical,ideal,same_information,expanded_warm_mean_v1,minus10_to_0,-5,359,5,13.025087149454,13.527019282167,1.08737391729256,0.143638521245251
synthetic_canonical,ideal,same_information,constvel,minus10_to_0,-5,359,5,0.279426805333652,0.0187499999992724,1.11770722133386,0.0749999999999993
synthetic_canonical,ideal,causal_history,expanded_warm_mean_v1,minus10_to_0,-5,359,5,13.025087149454,13.527019282167,1.08737391729256,0.143638521245251
synthetic_canonical,ideal,causal_history,constvel,minus10_to_0,-5,359,5,0.279426805333652,0.0187499999992724,1.11770722133386,0.0749999999999993
synthetic_canonical,ideal,causal_history,constacc,minus10_to_0,-5,359,5,0.00388028977585736,0,0.0155211591037414,0
synthetic_canonical,ideal,causal_history,constturn,minus10_to_0,-5,359,5,0.0590732631652902,0.00550323949926179,0.235165967052485,0.0163539141285496
synthetic_canonical,ideal,same_information,expanded_warm_mean_v1,0_to_10,5,360,5,13.4134093040905,12.6296499571292,1.14725699373863,0.12534975582122
synthetic_canonical,ideal,same_information,constvel,0_to_10,5,360,5,0.279038442664476,0.0093749999996362,1.11615377065773,0.0374999999999996
synthetic_canonical,ideal,causal_history,expanded_warm_mean_v1,0_to_10,5,360,5,13.4134093040905,12.6296499571292,1.14725699373863,0.12534975582122
synthetic_canonical,ideal,causal_history,constvel,0_to_10,5,360,5,0.279038442664476,0.0093749999996362,1.11615377065773,0.0374999999999996
synthetic_canonical,ideal,causal_history,constacc,0_to_10,5,360,5,0.0883204921404083,0,0.353281968562089,0
synthetic_canonical,ideal,causal_history,constturn,0_to_10,5,360,5,0.0974889913891469,0.00271789109317294,0.389891635559299,0.0126811344940123
synthetic_canonical,ideal,same_information,expanded_warm_mean_v1,10_to_30,20,517,5,13.1649635760134,9.51931709701382,1.35002905989324,0.284021142674441
synthetic_canonical,ideal,same_information,constvel,10_to_30,20,517,5,0.328837990008623,0.0187500000010914,1.31535196003462,0.0750000000000002
synthetic_canonical,ideal,causal_history,expanded_warm_mean_v1,10_to_30,20,517,5,13.1649635760134,9.51931709701382,1.35002905989324,0.284021142674441
synthetic_canonical,ideal,causal_history,constvel,10_to_30,20,517,5,0.328837990008623,0.0187500000010914,1.31535196003462,0.0750000000000002
synthetic_canonical,ideal,causal_history,constacc,10_to_30,20,517,5,0.00457278844852569,0,0.0182911537943349,0
synthetic_canonical,ideal,causal_history,constturn,10_to_30,20,517,5,0.0531228594432547,0.00263606754614026,0.211890187275831,0.0163333652711412
synthetic_canonical,ideal,same_information,expanded_warm_mean_v1,30_to_60,45,323,5,14.0191553353209,9.76573478714373,1.66610266977881,0.284021142674441
synthetic_canonical,ideal,same_information,constvel,30_to_60,45,323,5,0.412020259717536,0,1.6480810388704,0
synthetic_canonical,ideal,causal_history,expanded_warm_mean_v1,30_to_60,45,323,5,14.0191553353209,9.76573478714373,1.66610266977881,0.284021142674441
synthetic_canonical,ideal,causal_history,constvel,30_to_60,45,323,5,0.412020259717536,0,1.6480810388704,0
synthetic_canonical,ideal,causal_history,constacc,30_to_60,45,323,5,0.00540258514366833,0,0.0216103405742559,0
synthetic_canonical,ideal,causal_history,constturn,30_to_60,45,323,5,0.0102552086601502,0,0.0410143569726198,2.1316282072803e-14
synthetic_canonical,empirical_timing,same_information,expanded_warm_mean_v1,minus30_to_minus10,-20,179,5,63.2392352094521,10.9100357639603,8.84919398684073,0.353894363678495
synthetic_canonical,empirical_timing,same_information,constvel,minus30_to_minus10,-20,179,5,59.260664768534,0.0250000000005457,8.91217243307507,0.1
synthetic_canonical,empirical_timing,causal_history,expanded_warm_mean_v1,minus30_to_minus10,-20,179,5,63.2392352094521,10.9100357639603,8.84919398684073,0.353894363678495
synthetic_canonical,empirical_timing,causal_history,constvel,minus30_to_minus10,-20,179,5,59.260664768534,0.0250000000005457,8.91217243307507,0.1
synthetic_canonical,empirical_timing,causal_history,constacc,minus30_to_minus10,-20,179,5,14.8653733305699,1.81898940354586e-12,2.50105050566077,0
synthetic_canonical,empirical_timing,causal_history,constturn,minus30_to_minus10,-20,179,5,2.48371682901568,0.00524738407308045,0.839349870919819,0.0153413584731352
synthetic_canonical,empirical_timing,same_information,expanded_warm_mean_v1,minus10_to_0,-5,147,5,25.0394853006046,13.6686852877726,3.20940458181763,0.240757174113135
synthetic_canonical,empirical_timing,same_information,constvel,minus10_to_0,-5,147,5,21.1627304294835,7.29015461814988e-12,3.36875133798246,0
synthetic_canonical,empirical_timing,causal_history,expanded_warm_mean_v1,minus10_to_0,-5,147,5,25.0394853006046,13.6686852877726,3.20940458181763,0.240757174113135
synthetic_canonical,empirical_timing,causal_history,constvel,minus10_to_0,-5,147,5,21.1627304294835,7.29015461814988e-12,3.36875133798246,0
synthetic_canonical,empirical_timing,causal_history,constacc,minus10_to_0,-5,147,5,32.8633908310974,3.63797880709171e-12,5.47317332452639,0
synthetic_canonical,empirical_timing,causal_history,constturn,minus10_to_0,-5,147,5,32.5947746379817,7.29015461814988e-12,5.38746340960927,8.98773367955636e-14
synthetic_canonical,empirical_timing,same_information,expanded_warm_mean_v1,0_to_10,5,145,5,13.3878061991102,12.1882717855529,1.40276850531316,0.152767000759334
synthetic_canonical,empirical_timing,same_information,constvel,0_to_10,5,145,5,2.82296039979116,3.74994272134942e-12,1.39241285625397,0
synthetic_canonical,empirical_timing,causal_history,expanded_warm_mean_v1,0_to_10,5,145,5,13.3878061991102,12.1882717855529,1.40276850531316,0.152767000759334
synthetic_canonical,empirical_timing,causal_history,constvel,0_to_10,5,145,5,2.82296039979116,3.74994272134942e-12,1.39241285625397,0
synthetic_canonical,empirical_timing,causal_history,constacc,0_to_10,5,145,5,5.42202030161718,1.81898940354586e-12,2.23050181790116,0
synthetic_canonical,empirical_timing,causal_history,constturn,0_to_10,5,145,5,5.58035585055583,7.33258070640527e-12,2.29254740588557,6.35528743231302e-14
synthetic_canonical,empirical_timing,same_information,expanded_warm_mean_v1,10_to_30,20,218,5,54.3291866372804,11.6588079520511,8.23577986993847,0.334533592692027
synthetic_canonical,empirical_timing,same_information,constvel,10_to_30,20,218,5,54.0492844467767,0.0749999999998181,8.27995806825921,0.15
synthetic_canonical,empirical_timing,causal_history,expanded_warm_mean_v1,10_to_30,20,218,5,54.3291866372804,11.6588079520511,8.23577986993847,0.334533592692027
synthetic_canonical,empirical_timing,causal_history,constvel,10_to_30,20,218,5,54.0492844467767,0.0749999999998181,8.27995806825921,0.15
synthetic_canonical,empirical_timing,causal_history,constacc,10_to_30,20,218,5,39.8798621954652,1.81898940354586e-12,5.77590081263244,0
synthetic_canonical,empirical_timing,causal_history,constturn,10_to_30,20,218,5,39.740759299841,0.0187499999992724,5.77266901489595,0.075
synthetic_canonical,empirical_timing,same_information,expanded_warm_mean_v1,30_to_60,45,116,5,18.0771246713713,11.7571737460772,5.91893731413152,1.07753880205585
synthetic_canonical,empirical_timing,same_information,constvel,30_to_60,45,116,5,10.8406710143273,1.62695358267213e-11,5.80105033319343,0
synthetic_canonical,empirical_timing,causal_history,expanded_warm_mean_v1,30_to_60,45,116,5,18.0771246713713,11.7571737460772,5.91893731413152,1.07753880205585
synthetic_canonical,empirical_timing,causal_history,constvel,30_to_60,45,116,5,10.8406710143273,1.62695358267213e-11,5.80105033319343,0
synthetic_canonical,empirical_timing,causal_history,constacc,30_to_60,45,116,5,0.600585963078457,1.06258435206906e-11,0.384959512888216,0
synthetic_canonical,empirical_timing,causal_history,constturn,30_to_60,45,116,5,0.0372288754664227,1.62695358267213e-11,0.0592858166143619,1.86914610906767e-13
synthetic_canonical,degraded,same_information,expanded_warm_mean_v1,minus30_to_minus10,-20,130,5,104.16110061196,55.1562030272924,11.3008867479933,3.03318500082249
synthetic_canonical,degraded,same_information,constvel,minus30_to_minus10,-20,130,5,97.5997035091232,55.0410191171665,11.3476303136357,3.03680519557606
synthetic_canonical,degraded,causal_history,expanded_warm_mean_v1,minus30_to_minus10,-20,130,5,104.16110061196,55.1562030272924,11.3008867479933,3.03318500082249
synthetic_canonical,degraded,causal_history,constvel,minus30_to_minus10,-20,130,5,97.5997035091232,55.0410191171665,11.3476303136357,3.03680519557606
synthetic_canonical,degraded,causal_history,constacc,minus30_to_minus10,-20,130,5,109.352548963329,56.205448758139,15.679471650898,6.54400818676109
synthetic_canonical,degraded,causal_history,constturn,minus30_to_minus10,-20,130,5,69.202104481543,56.1913598418623,8.11706628762511,3.94109664104297
synthetic_canonical,degraded,same_information,expanded_warm_mean_v1,minus10_to_0,-5,117,5,69.2154467672365,58.7520029807362,4.99995256902902,3.44648185243232
synthetic_canonical,degraded,same_information,constvel,minus10_to_0,-5,117,5,67.1190939876985,58.1353193269834,5.19089059937938,3.61484111805017
synthetic_canonical,degraded,causal_history,expanded_warm_mean_v1,minus10_to_0,-5,117,5,69.2154467672365,58.7520029807362,4.99995256902902,3.44648185243232
synthetic_canonical,degraded,causal_history,constvel,minus10_to_0,-5,117,5,67.1190939876985,58.1353193269834,5.19089059937938,3.61484111805017
synthetic_canonical,degraded,causal_history,constacc,minus10_to_0,-5,117,5,111.686909355565,58.3946657685381,17.069720729758,6.17602667344255
synthetic_canonical,degraded,causal_history,constturn,minus10_to_0,-5,117,5,97.0907325623809,55.6197648143267,12.5997040238852,4.05002975652157
synthetic_canonical,degraded,same_information,expanded_warm_mean_v1,0_to_10,5,112,5,63.4428574672714,59.1093118265502,3.74919523458071,2.98977092126277
synthetic_canonical,degraded,same_information,constvel,0_to_10,5,112,5,63.2392998985668,57.8899951248197,3.70593620535059,2.9853455729464
synthetic_canonical,degraded,causal_history,expanded_warm_mean_v1,0_to_10,5,112,5,63.4428574672714,59.1093118265502,3.74919523458071,2.98977092126277
synthetic_canonical,degraded,causal_history,constvel,0_to_10,5,112,5,63.2392998985668,57.8899951248197,3.70593620535059,2.9853455729464
synthetic_canonical,degraded,causal_history,constacc,0_to_10,5,112,5,68.4387880493844,61.1242265454013,13.1729582698423,6.20303928853041
synthetic_canonical,degraded,causal_history,constturn,0_to_10,5,112,5,64.1701815880707,58.1275708407757,6.99581873197757,4.23039385711663
synthetic_canonical,degraded,same_information,expanded_warm_mean_v1,10_to_30,20,161,5,91.7706342576665,59.5518146482648,10.3551665246272,3.25619879621319
synthetic_canonical,degraded,same_information,constvel,10_to_30,20,161,5,91.236609773187,58.0406578731169,10.4121736868227,3.1739397398691
synthetic_canonical,degraded,causal_history,expanded_warm_mean_v1,10_to_30,20,161,5,91.7706342576665,59.5518146482648,10.3551665246272,3.25619879621319
synthetic_canonical,degraded,causal_history,constvel,10_to_30,20,161,5,91.236609773187,58.0406578731169,10.4121736868227,3.1739397398691
synthetic_canonical,degraded,causal_history,constacc,10_to_30,20,161,5,99.8286649564136,58.8917764663633,17.2917277594021,7.43123840606648
synthetic_canonical,degraded,causal_history,constturn,10_to_30,20,161,5,77.0820491698079,57.8128065613671,10.3274993702651,4.4338921816362
synthetic_canonical,degraded,same_information,expanded_warm_mean_v1,30_to_60,45,92,5,73.2871773136656,53.4762792946139,9.03684436091987,3.41525640791014
synthetic_canonical,degraded,same_information,constvel,30_to_60,45,92,5,72.7934320682192,56.5013197647291,8.96292876324709,3.4110182508455
synthetic_canonical,degraded,causal_history,expanded_warm_mean_v1,30_to_60,45,92,5,73.2871773136656,53.4762792946139,9.03684436091987,3.41525640791014
synthetic_canonical,degraded,causal_history,constvel,30_to_60,45,92,5,72.7934320682192,56.5013197647291,8.96292876324709,3.4110182508455
synthetic_canonical,degraded,causal_history,constacc,30_to_60,45,92,5,82.111827281221,56.4393176405775,11.6991331180702,5.80557386173414
synthetic_canonical,degraded,causal_history,constturn,30_to_60,45,92,5,65.2764560150187,57.0779076393341,6.28828841857777,3.63078637696424
synthetic_in_distribution,ideal,same_information,expanded_warm_mean_v1,minus30_to_minus10,-20,27178,100,25.0451178765412,18.8403104473678,2.05917571493195,0.486445470543619
synthetic_in_distribution,ideal,same_information,constvel,minus30_to_minus10,-20,27178,100,0.511988650394342,0.0993586165964975,2.04795460157738,0.397434466393613
synthetic_in_distribution,ideal,causal_history,expanded_warm_mean_v1,minus30_to_minus10,-20,27140,100,25.0483211887845,18.8416487438039,2.05849272830267,0.486368897034164
synthetic_in_distribution,ideal,causal_history,constvel,minus30_to_minus10,-20,27140,100,0.511801828120066,0.0993586165894783,2.04720731248027,0.397434466393613
synthetic_in_distribution,ideal,causal_history,constacc,minus30_to_minus10,-20,27140,100,0.0105674282277435,9.09494701772928e-13,0.0422697129110438,0
synthetic_in_distribution,ideal,causal_history,constturn,minus30_to_minus10,-20,27140,100,0.0763493671193959,0.0226086648999626,0.305378901230646,0.0888767821741818
synthetic_in_distribution,ideal,same_information,expanded_warm_mean_v1,minus10_to_0,-5,31240,100,25.5743471742984,19.2075004259034,2.06039222007471,0.481734531787253
synthetic_in_distribution,ideal,same_information,constvel,minus10_to_0,-5,31240,100,0.513028902863447,0.0949953327554578,2.05211561145386,0.379981331035058
synthetic_in_distribution,ideal,causal_history,expanded_warm_mean_v1,minus10_to_0,-5,31240,100,25.5743471742984,19.2075004259034,2.06039222007471,0.481734531787253
synthetic_in_distribution,ideal,causal_history,constvel,minus10_to_0,-5,31240,100,0.513028902863447,0.0949953327554578,2.05211561145386,0.379981331035058
synthetic_in_distribution,ideal,causal_history,constacc,minus10_to_0,-5,31240,100,0.010600737587512,9.09494701772928e-13,0.0424029503500893,0
synthetic_in_distribution,ideal,causal_history,constturn,minus10_to_0,-5,31240,100,0.0705306477877627,0.0208823699758796,0.282001331462055,0.0825356578201379
synthetic_in_distribution,ideal,same_information,expanded_warm_mean_v1,0_to_10,5,30997,100,25.6941564611628,19.359002786495,2.06683525710692,0.467027229636107
synthetic_in_distribution,ideal,same_information,constvel,0_to_10,5,30997,100,0.512012584796574,0.0932071893580098,2.04805033918626,0.3728287574303
synthetic_in_distribution,ideal,causal_history,expanded_warm_mean_v1,0_to_10,5,30997,100,25.6941564611628,19.359002786495,2.06683525710692,0.467027229636107
synthetic_in_distribution,ideal,causal_history,constvel,0_to_10,5,30997,100,0.512012584796574,0.0932071893580098,2.04805033918626,0.3728287574303
synthetic_in_distribution,ideal,causal_history,constacc,0_to_10,5,30997,100,0.157965869168541,1.81898940354586e-12,0.631863476674196,0
synthetic_in_distribution,ideal,causal_history,constturn,0_to_10,5,30997,100,0.172359942985401,0.0230944558275041,0.689611229508647,0.094258242078848
synthetic_in_distribution,ideal,same_information,expanded_warm_mean_v1,10_to_30,20,28499,100,25.6034213308444,19.1182687229323,2.06019480000019,0.483675684748338
synthetic_in_distribution,ideal,same_information,constvel,10_to_30,20,28499,100,0.509557297196949,0.0934372850386253,2.03822918878779,0.373749140165025
synthetic_in_distribution,ideal,causal_history,expanded_warm_mean_v1,10_to_30,20,28499,100,25.6034213308444,19.1182687229323,2.06019480000019,0.483675684748338
synthetic_in_distribution,ideal,causal_history,constvel,10_to_30,20,28499,100,0.509557297196949,0.0934372850386253,2.03822918878779,0.373749140165025
synthetic_in_distribution,ideal,causal_history,constacc,10_to_30,20,28499,100,0.0104578380718832,9.09494701772928e-13,0.0418313522875549,0
synthetic_in_distribution,ideal,causal_history,constturn,10_to_30,20,28499,100,0.0790531656718185,0.0228076656439953,0.31616189135279,0.0904346595956209
synthetic_in_distribution,ideal,same_information,expanded_warm_mean_v1,30_to_60,45,430,26,26.324950723318,20.0948842948112,2.17960595198332,0.88985662609978
synthetic_in_distribution,ideal,same_information,constvel,30_to_60,45,430,26,0.535653641865902,0.134075726817231,2.14261456746434,0.536302907263875
synthetic_in_distribution,ideal,causal_history,expanded_warm_mean_v1,30_to_60,45,430,26,26.324950723318,20.0948842948112,2.17960595198332,0.88985662609978
synthetic_in_distribution,ideal,causal_history,constvel,30_to_60,45,430,26,0.535653641865902,0.134075726817231,2.14261456746434,0.536302907263875
synthetic_in_distribution,ideal,causal_history,constacc,30_to_60,45,430,26,0.00885996013225693,1.81898940354586e-12,0.0354398405294332,0
synthetic_in_distribution,ideal,causal_history,constturn,30_to_60,45,430,26,0.108735521004691,0.0281940306886099,0.431497114087093,0.112776122752473
synthetic_in_distribution,empirical_timing,same_information,expanded_warm_mean_v1,minus30_to_minus10,-20,11210,100,62.5740159240221,19.8203184928609,9.06282344187112,0.722342730160227
synthetic_in_distribution,empirical_timing,same_information,constvel,minus30_to_minus10,-20,11210,100,46.9105190999368,0.180675907403062,8.98585087701052,0.543260643380965
synthetic_in_distribution,empirical_timing,causal_history,expanded_warm_mean_v1,minus30_to_minus10,-20,11169,100,62.6606710662644,19.7993262859928,9.07241256518275,0.720098957585764
synthetic_in_distribution,empirical_timing,causal_history,constvel,minus30_to_minus10,-20,11169,100,46.9920062121068,0.179477540519076,8.99463426533631,0.543190697535486
synthetic_in_distribution,empirical_timing,causal_history,constacc,minus30_to_minus10,-20,11169,100,10.2623219465743,7.27595761418343e-12,2.23292560519319,0
synthetic_in_distribution,empirical_timing,causal_history,constturn,minus30_to_minus10,-20,11169,100,7.76359178502043,0.0488402498080388,1.44145973466277,0.133628577362145
synthetic_in_distribution,empirical_timing,same_information,expanded_warm_mean_v1,minus10_to_0,-5,12698,100,65.2403508124214,20.2085823174396,9.53766221771832,0.796941501827252
synthetic_in_distribution,empirical_timing,same_information,constvel,minus10_to_0,-5,12698,100,52.1810109984967,0.198748163378041,9.45748793826413,0.606013915586561
synthetic_in_distribution,empirical_timing,causal_history,expanded_warm_mean_v1,minus10_to_0,-5,12698,100,65.2403508124214,20.2085823174396,9.53766221771832,0.796941501827252
synthetic_in_distribution,empirical_timing,causal_history,constvel,minus10_to_0,-5,12698,100,52.1810109984967,0.198748163378041,9.45748793826413,0.606013915586561
synthetic_in_distribution,empirical_timing,causal_history,constacc,minus10_to_0,-5,12698,100,12.3571776051323,7.29369955131253e-12,2.49143189356016,0
synthetic_in_distribution,empirical_timing,causal_history,constturn,minus10_to_0,-5,12698,100,9.250678495582,0.04604545704251,1.56617768083069,0.125527086972232
synthetic_in_distribution,empirical_timing,same_information,expanded_warm_mean_v1,0_to_10,5,12738,100,45.6206272043375,20.6190102345439,6.79626272483652,0.777048326219384
synthetic_in_distribution,empirical_timing,same_information,constvel,0_to_10,5,12738,100,27.0969436318465,0.221780824869738,6.7513201340347,0.596676612437263
synthetic_in_distribution,empirical_timing,causal_history,expanded_warm_mean_v1,0_to_10,5,12738,100,45.6206272043375,20.6190102345439,6.79626272483652,0.777048326219384
synthetic_in_distribution,empirical_timing,causal_history,constvel,0_to_10,5,12738,100,27.0969436318465,0.221780824869738,6.7513201340347,0.596676612437263
synthetic_in_distribution,empirical_timing,causal_history,constacc,0_to_10,5,12738,100,12.0091624786393,0.000468456529972451,4.36174294654669,0.00180768000730056
synthetic_in_distribution,empirical_timing,causal_history,constturn,0_to_10,5,12738,100,12.0795267555268,0.0700314137848181,4.31441427904825,0.182585813583325
synthetic_in_distribution,empirical_timing,same_information,expanded_warm_mean_v1,10_to_30,20,11602,100,59.3303220189793,20.7137774713705,8.45462124864724,0.760163517579464
synthetic_in_distribution,empirical_timing,same_information,constvel,10_to_30,20,11602,100,43.4662923058078,0.185939613201231,8.4373171259896,0.563221355144067
synthetic_in_distribution,empirical_timing,causal_history,expanded_warm_mean_v1,10_to_30,20,11602,100,59.3303220189793,20.7137774713705,8.45462124864724,0.760163517579464
synthetic_in_distribution,empirical_timing,causal_history,constvel,10_to_30,20,11602,100,43.4662923058078,0.185939613201231,8.4373171259896,0.563221355144067
synthetic_in_distribution,empirical_timing,causal_history,constacc,10_to_30,20,11602,100,26.9705562070528,7.29015461814988e-12,4.5821187808745,0
synthetic_in_distribution,empirical_timing,causal_history,constturn,10_to_30,20,11602,100,26.0813689035315,0.0539724470216925,4.37844672326667,0.14725161809862
synthetic_in_distribution,empirical_timing,same_information,expanded_warm_mean_v1,30_to_60,45,185,26,111.253499019067,20.4923836873494,16.2750887845601,0.99416424873151
synthetic_in_distribution,empirical_timing,same_information,constvel,30_to_60,45,185,26,115.925179060454,0.292290319448512,17.0290022861872,0.74868536032271
synthetic_in_distribution,empirical_timing,causal_history,expanded_warm_mean_v1,30_to_60,45,185,26,111.253499019067,20.4923836873494,16.2750887845601,0.99416424873151
synthetic_in_distribution,empirical_timing,causal_history,constvel,30_to_60,45,185,26,115.925179060454,0.292290319448512,17.0290022861872,0.74868536032271
synthetic_in_distribution,empirical_timing,causal_history,constacc,30_to_60,45,185,26,27.0674073393649,1.45803092362998e-11,5.2674272562928,0
synthetic_in_distribution,empirical_timing,causal_history,constturn,30_to_60,45,185,26,10.9905377024352,0.133881352588233,2.08758594707457,0.292290319450458
synthetic_in_distribution,degraded,same_information,expanded_warm_mean_v1,minus30_to_minus10,-20,8414,100,98.755204538052,61.3837764873151,11.6907792471103,3.54325511875668
synthetic_in_distribution,degraded,same_information,constvel,minus30_to_minus10,-20,8414,100,86.3646014443865,54.5391140773493,11.6099189661513,3.48718222265307
synthetic_in_distribution,degraded,causal_history,expanded_warm_mean_v1,minus30_to_minus10,-20,8373,100,98.8463204549633,61.3136376964212,11.7064189843817,3.54106977570884
synthetic_in_distribution,degraded,causal_history,constvel,minus30_to_minus10,-20,8373,100,86.4443473204633,54.4971861544145,11.6243263940071,3.48551354300023
synthetic_in_distribution,degraded,causal_history,constacc,minus30_to_minus10,-20,8373,100,112.540888498701,55.927971882005,18.0810695291667,6.39975897504779
synthetic_in_distribution,degraded,causal_history,constturn,minus30_to_minus10,-20,8373,100,86.4345161553517,54.9261128382987,11.6223280948819,4.31678884210626
synthetic_in_distribution,degraded,same_information,expanded_warm_mean_v1,minus10_to_0,-5,9512,100,103.418157322146,62.560848178057,12.5002764564434,3.58065345092248
synthetic_in_distribution,degraded,same_information,constvel,minus10_to_0,-5,9512,100,92.6175387548537,55.2919644029066,12.3943376339708,3.51713051760102
synthetic_in_distribution,degraded,causal_history,expanded_warm_mean_v1,minus10_to_0,-5,9512,100,103.418157322146,62.560848178057,12.5002764564434,3.58065345092248
synthetic_in_distribution,degraded,causal_history,constvel,minus10_to_0,-5,9512,100,92.6175387548537,55.2919644029066,12.3943376339708,3.51713051760102
synthetic_in_distribution,degraded,causal_history,constacc,minus10_to_0,-5,9512,100,117.40018789754,57.0983776475779,18.8863615298262,6.44548096260801
synthetic_in_distribution,degraded,causal_history,constturn,minus10_to_0,-5,9512,100,87.8636064572747,56.0340478750683,12.0372065220036,4.28842662868917
synthetic_in_distribution,degraded,same_information,expanded_warm_mean_v1,0_to_10,5,9549,100,84.1116090600848,62.9815118244529,9.34972484197685,3.62730513839451
synthetic_in_distribution,degraded,same_information,constvel,0_to_10,5,9549,100,72.9111278190395,55.4891107615972,9.30686621310116,3.56984480330555
synthetic_in_distribution,degraded,causal_history,expanded_warm_mean_v1,0_to_10,5,9549,100,84.1116090600848,62.9815118244529,9.34972484197685,3.62730513839451
synthetic_in_distribution,degraded,causal_history,constvel,0_to_10,5,9549,100,72.9111278190395,55.4891107615972,9.30686621310116,3.56984480330555
synthetic_in_distribution,degraded,causal_history,constacc,0_to_10,5,9549,100,109.359795576383,57.0914562818305,18.4649418093022,6.69464531063247
synthetic_in_distribution,degraded,causal_history,constturn,0_to_10,5,9549,100,84.4882210864663,55.9713554772391,12.3810305651563,4.46912146619102
synthetic_in_distribution,degraded,same_information,expanded_warm_mean_v1,10_to_30,20,8611,100,99.8475356777202,62.2596389630455,11.4969098440172,3.60752461512759
synthetic_in_distribution,degraded,same_information,constvel,10_to_30,20,8611,100,86.275723465049,55.4445361135499,11.4677149043891,3.55572819396608
synthetic_in_distribution,degraded,causal_history,expanded_warm_mean_v1,10_to_30,20,8611,100,99.8475356777202,62.2596389630455,11.4969098440172,3.60752461512759
synthetic_in_distribution,degraded,causal_history,constvel,10_to_30,20,8611,100,86.275723465049,55.4445361135499,11.4677149043891,3.55572819396608
synthetic_in_distribution,degraded,causal_history,constacc,10_to_30,20,8611,100,128.455438710781,56.5848025896658,19.3313984333531,6.4210022646376
synthetic_in_distribution,degraded,causal_history,constturn,10_to_30,20,8611,100,98.2214955285158,55.842441107016,12.6264680594383,4.29795314373834
synthetic_in_distribution,degraded,same_information,expanded_warm_mean_v1,30_to_60,45,145,26,136.021776519285,60.181926238107,18.7514751214432,4.07053284669938
synthetic_in_distribution,degraded,same_information,constvel,30_to_60,45,145,26,138.667990221219,51.9711970975304,19.5678219536828,3.90208284320716
synthetic_in_distribution,degraded,causal_history,expanded_warm_mean_v1,30_to_60,45,145,26,136.021776519285,60.181926238107,18.7514751214432,4.07053284669938
synthetic_in_distribution,degraded,causal_history,constvel,30_to_60,45,145,26,138.667990221219,51.9711970975304,19.5678219536828,3.90208284320716
synthetic_in_distribution,degraded,causal_history,constacc,30_to_60,45,145,26,143.037606528585,52.9360413404271,22.9319412703936,6.77710487908594
synthetic_in_distribution,degraded,causal_history,constturn,30_to_60,45,145,26,92.4563238043171,52.893007348818,13.1934681889621,4.58408807649431
synthetic_out_of_distribution,ideal,same_information,expanded_warm_mean_v1,minus30_to_minus10,-20,601,50,36.0859322213683,24.505791006371,13.7193534773428,2.21035633690025
synthetic_out_of_distribution,ideal,same_information,constvel,minus30_to_minus10,-20,601,50,3.43790380230002,0.593873280087553,13.7516152092001,2.37549312035046
synthetic_out_of_distribution,ideal,causal_history,expanded_warm_mean_v1,minus30_to_minus10,-20,559,50,36.3558604934471,24.5881184782543,13.8043720477682,2.27352937137689
synthetic_out_of_distribution,ideal,causal_history,constvel,minus30_to_minus10,-20,559,50,3.4594828328343,0.593873280087553,13.8379313313373,2.37549312035046
synthetic_out_of_distribution,ideal,causal_history,constacc,minus30_to_minus10,-20,559,50,0.236258105764842,1.81898940354586e-12,0.945032423059395,0
synthetic_out_of_distribution,ideal,causal_history,constturn,minus30_to_minus10,-20,559,50,0.548647343970754,0.156870304466435,2.22496303916075,0.761112207317273
synthetic_out_of_distribution,ideal,same_information,expanded_warm_mean_v1,minus10_to_0,-5,27838,50,47.5087360424511,35.674411732355,13.2523199491844,2.30515171407632
synthetic_out_of_distribution,ideal,same_information,constvel,minus10_to_0,-5,27838,50,3.30629544155978,0.545396066880622,13.2251817662392,2.18158426752688
synthetic_out_of_distribution,ideal,causal_history,expanded_warm_mean_v1,minus10_to_0,-5,27830,50,47.5126424602456,35.6798079692973,13.2509419925677,2.30504785763716
synthetic_out_of_distribution,ideal,causal_history,constvel,minus10_to_0,-5,27830,50,3.30594099152242,0.545396066880622,13.2237639660897,2.18158426752688
synthetic_out_of_distribution,ideal,causal_history,constacc,minus10_to_0,-5,27830,50,0.231700677095341,9.09494701772928e-13,0.926802708381427,0
synthetic_out_of_distribution,ideal,causal_history,constturn,minus10_to_0,-5,27830,50,0.610747333069171,0.205087667998932,2.4270226690988,0.782866459612647
synthetic_out_of_distribution,ideal,same_information,expanded_warm_mean_v1,0_to_10,5,30738,50,47.3654917195341,36.5240248079529,13.301133733243,2.31928559798494
synthetic_out_of_distribution,ideal,same_information,constvel,0_to_10,5,30738,50,3.3199824080688,0.549293882486327,13.2799296322752,2.1971755299428
synthetic_out_of_distribution,ideal,causal_history,expanded_warm_mean_v1,0_to_10,5,30738,50,47.3654917195341,36.5240248079529,13.301133733243,2.31928559798494
synthetic_out_of_distribution,ideal,causal_history,constvel,0_to_10,5,30738,50,3.3199824080688,0.549293882486327,13.2799296322752,2.1971755299428
synthetic_out_of_distribution,ideal,causal_history,constacc,0_to_10,5,30738,50,1.22291738073195,1.81898940354586e-12,4.89166952292779,0
synthetic_out_of_distribution,ideal,causal_history,constturn,0_to_10,5,30738,50,1.33751387217741,0.285098718242025,5.35386046841949,1.16202486865759
synthetic_out_of_distribution,ideal,same_information,expanded_warm_mean_v1,10_to_30,20,823,50,52.8213498573721,38.3381856264026,13.4799525846644,2.40718757810768
synthetic_out_of_distribution,ideal,same_information,constvel,10_to_30,20,823,50,3.37326149207394,0.583064074658157,13.4930459682947,2.33225629863193
synthetic_out_of_distribution,ideal,causal_history,expanded_warm_mean_v1,10_to_30,20,823,50,52.8213498573721,38.3381856264026,13.4799525846644,2.40718757810768
synthetic_out_of_distribution,ideal,causal_history,constvel,10_to_30,20,823,50,3.37326149207394,0.583064074658157,13.4930459682947,2.33225629863193
synthetic_out_of_distribution,ideal,causal_history,constacc,10_to_30,20,823,50,0.23222920485975,1.81898940354586e-12,0.928916819439068,0
synthetic_out_of_distribution,ideal,causal_history,constturn,10_to_30,20,823,50,0.740165495275044,0.274927393743153,2.96511570055372,0.987472159696277
synthetic_out_of_distribution,ideal,same_information,expanded_warm_mean_v1,30_to_60,45,0,0,NaN,NaN,NaN,NaN
synthetic_out_of_distribution,ideal,same_information,constvel,30_to_60,45,0,0,NaN,NaN,NaN,NaN
synthetic_out_of_distribution,ideal,causal_history,expanded_warm_mean_v1,30_to_60,45,0,0,NaN,NaN,NaN,NaN
synthetic_out_of_distribution,ideal,causal_history,constvel,30_to_60,45,0,0,NaN,NaN,NaN,NaN
synthetic_out_of_distribution,ideal,causal_history,constacc,30_to_60,45,0,0,NaN,NaN,NaN,NaN
synthetic_out_of_distribution,ideal,causal_history,constturn,30_to_60,45,0,0,NaN,NaN,NaN,NaN
synthetic_out_of_distribution,empirical_timing,same_information,expanded_warm_mean_v1,minus30_to_minus10,-20,282,49,100.144390241297,28.8442494321035,37.2417517718367,3.22073436851185
synthetic_out_of_distribution,empirical_timing,same_information,constvel,minus30_to_minus10,-20,282,49,80.7792100075911,1.67187532213059,37.1387354393056,3.33347848575722
synthetic_out_of_distribution,empirical_timing,causal_history,expanded_warm_mean_v1,minus30_to_minus10,-20,242,47,100.869803518817,28.5558620952251,36.7259639360707,3.0914748139135
synthetic_out_of_distribution,empirical_timing,causal_history,constvel,minus30_to_minus10,-20,242,47,80.0034087619037,1.66673924287956,36.615403285961,3.3334784857572
synthetic_out_of_distribution,empirical_timing,causal_history,constacc,minus30_to_minus10,-20,242,47,23.6392041656166,3.74994272134942e-12,12.1219105532687,0
synthetic_out_of_distribution,empirical_timing,causal_history,constturn,minus30_to_minus10,-20,242,47,17.1442249762145,0.388311082561519,6.32333594992612,1.14146484336318
synthetic_out_of_distribution,empirical_timing,same_information,expanded_warm_mean_v1,minus10_to_0,-5,11506,50,214.114624006138,40.6874326049213,45.3999904387774,4.07671806408492
synthetic_out_of_distribution,empirical_timing,same_information,constvel,minus10_to_0,-5,11506,50,187.767194098626,1.87441509539549,45.2827036203393,3.71974274068619
synthetic_out_of_distribution,empirical_timing,causal_history,expanded_warm_mean_v1,minus10_to_0,-5,11496,50,214.195800431965,40.6874326049213,45.4149279956078,4.07263833174357
synthetic_out_of_distribution,empirical_timing,causal_history,constvel,minus10_to_0,-5,11496,50,187.848381163583,1.87159536232296,45.2975654303579,3.71974274068619
synthetic_out_of_distribution,empirical_timing,causal_history,constacc,minus10_to_0,-5,11496,50,188.808950949444,7.49988544269883e-12,36.5603244808776,0
synthetic_out_of_distribution,empirical_timing,causal_history,constturn,minus10_to_0,-5,11496,50,157.134647998932,0.559471323573534,27.835408137816,1.63989621959904
synthetic_out_of_distribution,empirical_timing,same_information,expanded_warm_mean_v1,0_to_10,5,12687,50,263.957538171801,40.9648391916148,45.8912101765052,4.40437009225894
synthetic_out_of_distribution,empirical_timing,same_information,constvel,0_to_10,5,12687,50,240.756710461214,2.07396594674976,45.7494046038005,4.13794023967308
synthetic_out_of_distribution,empirical_timing,causal_history,expanded_warm_mean_v1,0_to_10,5,12687,50,263.957538171801,40.9648391916148,45.8912101765052,4.40437009225894
synthetic_out_of_distribution,empirical_timing,causal_history,constvel,0_to_10,5,12687,50,240.756710461214,2.07396594674976,45.7494046038005,4.13794023967308
synthetic_out_of_distribution,empirical_timing,causal_history,constacc,0_to_10,5,12687,50,213.925189152251,0.169780810536388,45.7015452841482,0.63842711050356
synthetic_out_of_distribution,empirical_timing,causal_history,constturn,0_to_10,5,12687,50,139.891129573508,0.649372932422921,34.019731386327,2.16305720663316
synthetic_out_of_distribution,empirical_timing,same_information,expanded_warm_mean_v1,10_to_30,20,325,49,267.353261392022,43.506209969422,46.4578352130858,5.06918475967876
synthetic_out_of_distribution,empirical_timing,same_information,constvel,10_to_30,20,325,49,199.942174628788,2.44338155402765,46.3295146332285,4.8867631080604
synthetic_out_of_distribution,empirical_timing,causal_history,expanded_warm_mean_v1,10_to_30,20,325,49,267.353261392022,43.506209969422,46.4578352130858,5.06918475967876
synthetic_out_of_distribution,empirical_timing,causal_history,constvel,10_to_30,20,325,49,199.942174628788,2.44338155402765,46.3295146332285,4.8867631080604
synthetic_out_of_distribution,empirical_timing,causal_history,constacc,10_to_30,20,325,49,170.533827740251,1.46651614128105e-11,35.2451195406851,0
synthetic_out_of_distribution,empirical_timing,causal_history,constturn,10_to_30,20,325,49,164.449419472479,0.550638809963076,33.3970791528199,1.95169275381285
synthetic_out_of_distribution,empirical_timing,same_information,expanded_warm_mean_v1,30_to_60,45,0,0,NaN,NaN,NaN,NaN
synthetic_out_of_distribution,empirical_timing,same_information,constvel,30_to_60,45,0,0,NaN,NaN,NaN,NaN
synthetic_out_of_distribution,empirical_timing,causal_history,expanded_warm_mean_v1,30_to_60,45,0,0,NaN,NaN,NaN,NaN
synthetic_out_of_distribution,empirical_timing,causal_history,constvel,30_to_60,45,0,0,NaN,NaN,NaN,NaN
synthetic_out_of_distribution,empirical_timing,causal_history,constacc,30_to_60,45,0,0,NaN,NaN,NaN,NaN
synthetic_out_of_distribution,empirical_timing,causal_history,constturn,30_to_60,45,0,0,NaN,NaN,NaN,NaN
synthetic_out_of_distribution,degraded,same_information,expanded_warm_mean_v1,minus30_to_minus10,-20,206,44,112.165404299315,70.4911064648574,42.4380120472098,6.3906670141629
synthetic_out_of_distribution,degraded,same_information,constvel,minus30_to_minus10,-20,206,44,101.017409874069,60.3228466207188,42.410585892272,6.15410857896534
synthetic_out_of_distribution,degraded,causal_history,expanded_warm_mean_v1,minus30_to_minus10,-20,168,42,108.086156018221,70.4911064648574,42.5223654225133,6.69840807556432
synthetic_out_of_distribution,degraded,causal_history,constvel,minus30_to_minus10,-20,168,42,97.7661539874567,60.3228466207188,42.5314146791415,6.4197996000899
synthetic_out_of_distribution,degraded,causal_history,constacc,minus30_to_minus10,-20,168,42,71.195479559623,58.8443794644304,18.3447144535852,7.7926385152441
synthetic_out_of_distribution,degraded,causal_history,constturn,minus30_to_minus10,-20,168,42,65.8291531404863,57.8742467120513,10.6550855660318,5.08670254490797
synthetic_out_of_distribution,degraded,same_information,expanded_warm_mean_v1,minus10_to_0,-5,8649,50,304.597766125172,77.6797656040177,58.4661039953859,6.59928266484016
synthetic_out_of_distribution,degraded,same_information,constvel,minus10_to_0,-5,8649,50,275.20946975241,59.3480914385735,58.3440658591737,6.16673115899074
synthetic_out_of_distribution,degraded,causal_history,expanded_warm_mean_v1,minus10_to_0,-5,8637,50,304.639063411208,77.6744882598191,58.4546363142986,6.59819893647999
synthetic_out_of_distribution,degraded,causal_history,constvel,minus10_to_0,-5,8637,50,275.286177320401,59.33653336015,58.3327331619424,6.16304079324151
synthetic_out_of_distribution,degraded,causal_history,constacc,minus10_to_0,-5,8637,50,302.999962681893,57.7644476698526,52.9400079191244,7.49777856492787
synthetic_out_of_distribution,degraded,causal_history,constturn,minus10_to_0,-5,8637,50,239.223064282627,56.8163488564168,38.6707005505976,5.60020224095264
synthetic_out_of_distribution,degraded,same_information,expanded_warm_mean_v1,0_to_10,5,9521,50,338.567432267155,77.192715062164,58.1463124116751,6.8804791910956
synthetic_out_of_distribution,degraded,same_information,constvel,0_to_10,5,9521,50,310.426204649557,58.7738079071506,57.9530730258845,6.58936609997496
synthetic_out_of_distribution,degraded,causal_history,expanded_warm_mean_v1,0_to_10,5,9521,50,338.567432267155,77.192715062164,58.1463124116751,6.8804791910956
synthetic_out_of_distribution,degraded,causal_history,constvel,0_to_10,5,9521,50,310.426204649557,58.7738079071506,57.9530730258845,6.58936609997496
synthetic_out_of_distribution,degraded,causal_history,constacc,0_to_10,5,9521,50,310.852689151676,58.4916764390514,62.3716837425584,8.48842577799264
synthetic_out_of_distribution,degraded,causal_history,constturn,0_to_10,5,9521,50,210.18496729669,57.6786758940308,46.2609465750929,6.47670284402332
synthetic_out_of_distribution,degraded,same_information,expanded_warm_mean_v1,10_to_30,20,248,48,328.207464573599,85.9037712863963,59.7225099295443,8.57516760887609
synthetic_out_of_distribution,degraded,same_information,constvel,10_to_30,20,248,48,264.111930233852,62.1738900410685,59.6808779262419,7.87463913493969
synthetic_out_of_distribution,degraded,causal_history,expanded_warm_mean_v1,10_to_30,20,248,48,328.207464573599,85.9037712863963,59.7225099295443,8.57516760887609
synthetic_out_of_distribution,degraded,causal_history,constvel,10_to_30,20,248,48,264.111930233852,62.1738900410685,59.6808779262419,7.87463913493969
synthetic_out_of_distribution,degraded,causal_history,constacc,10_to_30,20,248,48,258.670215363552,60.4529410770492,48.6079353794594,7.4946684358407
synthetic_out_of_distribution,degraded,causal_history,constturn,10_to_30,20,248,48,242.893689945345,59.662888152453,47.0255423348405,6.08922002619797
synthetic_out_of_distribution,degraded,same_information,expanded_warm_mean_v1,30_to_60,45,0,0,NaN,NaN,NaN,NaN
synthetic_out_of_distribution,degraded,same_information,constvel,30_to_60,45,0,0,NaN,NaN,NaN,NaN
synthetic_out_of_distribution,degraded,causal_history,expanded_warm_mean_v1,30_to_60,45,0,0,NaN,NaN,NaN,NaN
synthetic_out_of_distribution,degraded,causal_history,constvel,30_to_60,45,0,0,NaN,NaN,NaN,NaN
synthetic_out_of_distribution,degraded,causal_history,constacc,30_to_60,45,0,0,NaN,NaN,NaN,NaN
synthetic_out_of_distribution,degraded,causal_history,constturn,30_to_60,45,0,0,NaN,NaN,NaN,NaN
