domain,profile,comparisonFamily,comparatorModelID,eventCount,confidenceLevel,meanPositionRMSEDifferenceMeters,positionDifferenceLower,positionDifferenceUpper,meanVelocityRMSEDifferenceMetersPerSecond,velocityDifferenceLower,velocityDifferenceUpper
synthetic_canonical,ideal,same_information,constvel,7,0.95,13.3246641614159,7.01226716320246,19.6370611596294,0.0215147850360786,-0.0148966331883143,0.0579262032604716
synthetic_canonical,ideal,causal_history,constvel,7,0.95,13.3231805106119,7.01059891636671,19.6357621048571,0.0215069029392791,-0.0149273590050656,0.0579411648836238
synthetic_canonical,ideal,causal_history,constacc,7,0.95,13.4995228134522,7.15341110074657,19.8456345261578,0.726876114300104,-0.0143577090764814,1.46810993767669
synthetic_canonical,ideal,causal_history,constturn,7,0.95,13.4828541511586,7.12573192634641,19.8399763759707,0.660477923472904,-0.100099536626982,1.42105538357279
synthetic_canonical,empirical_timing,same_information,constvel,7,0.95,8.78039629111742,3.13825061334088,14.422541968894,0.178318703990727,-0.139349086124597,0.495986494106052
synthetic_canonical,empirical_timing,causal_history,constvel,7,0.95,8.791296095276,3.13326871301926,14.4493234775327,0.178672914715886,-0.139721727871721,0.497067557303493
synthetic_canonical,empirical_timing,causal_history,constacc,7,0.95,16.6364741333357,10.3308837914659,22.9420644752055,1.78534266020853,0.154459946676736,3.41622537374032
synthetic_canonical,empirical_timing,causal_history,constturn,7,0.95,16.2334641445775,8.20024468411464,24.2666836050404,1.70058989287641,-0.190099468375898,3.59127925412871
synthetic_canonical,degraded,same_information,constvel,7,0.95,2.20272422961988,1.254278294276,3.15117016496375,0.0112710641017378,-0.105311156724926,0.127853284928401
synthetic_canonical,degraded,causal_history,constvel,7,0.95,2.20604293717984,1.25835142569923,3.15373444866044,0.0110384178756365,-0.10590114612469,0.127977981875963
synthetic_canonical,degraded,causal_history,constacc,7,0.95,-18.900489423259,-40.1267812259224,2.32580237940435,-8.66923594967312,-12.6299055150583,-4.70856638428791
synthetic_canonical,degraded,causal_history,constturn,7,0.95,1.83189036310248,-13.2572249286046,16.9210056548095,-2.60521051607263,-6.35833367434457,1.14791264219931
synthetic_in_distribution,ideal,same_information,constvel,100,0.95,23.1809103897654,21.329583930816,25.0322368487148,0.0219854831172654,0.0121819554995181,0.0317890107350127
synthetic_in_distribution,ideal,causal_history,constvel,100,0.95,23.183918663314,21.3320211544629,25.0358161721651,0.0220086859748187,0.012196685242265,0.0318206867073724
synthetic_in_distribution,ideal,causal_history,constacc,100,0.95,23.5774037917863,21.7154994244015,25.4393081591712,1.59594919986402,1.45697455938223,1.73492384034581
synthetic_in_distribution,ideal,causal_history,constturn,100,0.95,23.5464468603656,21.683684101031,25.4092096197003,1.47209509821917,1.32822572024668,1.61596447619167
synthetic_in_distribution,empirical_timing,same_information,constvel,100,0.95,17.080909618378,14.6343377390806,19.5274814976755,0.0582376463075501,0.0291627243219761,0.087312568293124
synthetic_in_distribution,empirical_timing,causal_history,constvel,100,0.95,17.079183270864,14.6303739619585,19.5279925797695,0.058608129791544,0.0295219382826871,0.0876943213004008
synthetic_in_distribution,empirical_timing,causal_history,constacc,100,0.95,41.6200325441523,38.2021691259802,45.0378959623245,4.58672663432258,4.0928654421905,5.08058782645466
synthetic_in_distribution,empirical_timing,causal_history,constturn,100,0.95,42.5011219640847,38.5952823917121,46.4069615364573,4.82638098153588,4.22928560000129,5.42347636307047
synthetic_in_distribution,degraded,same_information,constvel,100,0.95,11.9182663144304,10.0055016263696,13.8310310024911,0.0661893536885404,0.0346682671897748,0.097710440187306
synthetic_in_distribution,degraded,causal_history,constvel,100,0.95,11.9231329333482,10.0073483052197,13.8389175614767,0.0665813480367929,0.0350117378113841,0.0981509582622016
synthetic_in_distribution,degraded,causal_history,constacc,100,0.95,-19.7488556042475,-25.7407273235394,-13.7569838849557,-8.10374208677385,-9.01228720777527,-7.19519696577242
synthetic_in_distribution,degraded,causal_history,constturn,100,0.95,7.22337447879311,1.95962956901703,12.4871193885692,-1.55135692609017,-2.41168418670922,-0.691029665471116
synthetic_out_of_distribution,ideal,same_information,constvel,50,0.95,42.4032886560843,38.7624668243042,46.0441104878643,0.0235507229877684,0.0106043738979577,0.0364970720775791
synthetic_out_of_distribution,ideal,causal_history,constvel,50,0.95,42.4131925512021,38.7709791687818,46.0554059336225,0.0235869189545974,0.0106300412146631,0.0365437966945317
synthetic_out_of_distribution,ideal,causal_history,constacc,50,0.95,44.7633714397393,41.0735550243006,48.4531878551779,9.4243024731031,8.72104599489406,10.1275589513121
synthetic_out_of_distribution,ideal,causal_history,constturn,50,0.95,44.6031913057445,40.9120570078457,48.2943256036432,8.78527948746228,8.06368178836421,9.50687718656035
synthetic_out_of_distribution,empirical_timing,same_information,constvel,50,0.95,27.4220338867577,21.1931025533476,33.6509652201679,0.117998447191806,0.0502247315183105,0.185772162865301
synthetic_out_of_distribution,empirical_timing,causal_history,constvel,50,0.95,27.4648807814331,21.2246557335918,33.7051058292743,0.117996000717207,0.0501182921473825,0.185873709287032
synthetic_out_of_distribution,empirical_timing,causal_history,constacc,50,0.95,44.6936510427821,30.4752464789419,58.9120556066223,4.78764222828491,2.41026909959511,7.16501535697472
synthetic_out_of_distribution,empirical_timing,causal_history,constturn,50,0.95,95.6982285645933,72.0060304697754,119.390426659411,14.5228154700043,11.797296538519,17.2483344014895
synthetic_out_of_distribution,degraded,same_information,constvel,50,0.95,30.9738992332829,23.03175405759,38.9160444089759,0.140934530731459,0.0563301090482985,0.225538952414619
synthetic_out_of_distribution,degraded,causal_history,constvel,50,0.95,31.0037804928546,23.0544500320624,38.9531109536469,0.140837391276443,0.0560035731737851,0.2256712093791
synthetic_out_of_distribution,degraded,causal_history,constacc,50,0.95,19.3541043869891,-0.51206957290449,39.2202783468827,0.529006197264333,-2.35475273396083,3.4127651284895
synthetic_out_of_distribution,degraded,causal_history,constturn,50,0.95,97.353732319636,67.265545952788,127.441918686484,15.2301915517583,11.9224838112435,18.5378992922731
real_adsb,baseline,same_information,constvel,887,0.95,10.6680626318462,9.68933309348216,11.6467921702103,0.180181280319465,0.133657461831636,0.226705098807294
real_adsb,baseline,causal_history,constvel,836,0.95,10.2654709900219,9.28487631611298,11.2460656639309,0.152532432196123,0.10182284426372,0.203242020128525
real_adsb,baseline,causal_history,constacc,836,0.95,6.04939241893695,-4.7076363931649,16.8064212310388,-0.42572813406018,-1.55406548754889,0.702609219428527
real_adsb,baseline,causal_history,constturn,836,0.95,13.8734563739825,11.5365189661835,16.2103937817816,0.652508666598975,0.423425332088378,0.881592001109571
real_adsb,random_dropout_10,same_information,constvel,887,0.95,11.5184396314707,10.4813561860348,12.5555230769066,0.197349198976229,0.148017442589472,0.246680955362986
real_adsb,random_dropout_10,causal_history,constvel,831,0.95,11.0751956548313,10.0213278169637,12.129063492699,0.157239384479392,0.105933506748735,0.208545262210048
real_adsb,random_dropout_10,causal_history,constacc,831,0.95,8.98860346932375,0.863780080110526,17.113426858537,-0.0687252073506852,-0.81979393619996,0.68234352149859
real_adsb,random_dropout_10,causal_history,constturn,831,0.95,14.642563600614,12.2883495620765,16.9967776391516,0.632409088664251,0.421561920569177,0.843256256759325
real_adsb,random_dropout_25,same_information,constvel,887,0.95,13.1277575742158,11.9107125085736,14.3448026398581,0.23439509213365,0.177858560343937,0.290931623923362
real_adsb,random_dropout_25,causal_history,constvel,817,0.95,12.3339092151351,11.1322826198846,13.5355358103855,0.182572800846675,0.124828573338092,0.240317028355259
real_adsb,random_dropout_25,causal_history,constacc,817,0.95,6.25032581966168,-9.34914072818914,21.8497923675125,-0.547581545250578,-2.09750722921797,1.00234413871681
real_adsb,random_dropout_25,causal_history,constturn,817,0.95,16.6853790195094,13.8340290813224,19.5367289576965,0.698329230956044,0.448660473671345,0.947997988240743
real_adsb,burst_outage,same_information,constvel,887,0.95,14.7647961540445,13.2278510459862,16.3017412621027,0.282677245241024,0.211258193252142,0.354096297229906
real_adsb,burst_outage,causal_history,constvel,784,0.95,13.5604231163047,12.0972560728933,15.0235901597162,0.225695642252726,0.156499499721175,0.294891784784277
real_adsb,burst_outage,causal_history,constacc,784,0.95,-0.811946072667544,-11.144634873387,9.52074272805194,-0.504540134965008,-1.16614480345383,0.157064533523813
real_adsb,burst_outage,causal_history,constturn,784,0.95,11.6490143821126,4.7914162510074,18.5066125132179,0.531909715231653,0.207212461710756,0.856606968752551
