domain,profile,comparisonFamily,modelID,weighting,caseID,targetReference,sampleCount,eventCount,positionRMSEMeters,positionMedianErrorMeters,positionP95ErrorMeters,velocityRMSEMetersPerSecond,velocityMedianErrorMetersPerSecond,velocityP95ErrorMetersPerSecond,referencePositionRMSEMeters,positionRMSEChangePercent,referenceVelocityRMSEMetersPerSecond,velocityRMSEChangePercent
synthetic_canonical,ideal,same_information,expanded_warm_mean_v1,pair_weighted,all,latent_kinematic_truth,3360,7,14.9407254343853,11.6057797879091,26.1216603454404,1.15231526404145,0.102253357627306,2.76551886777886,14.9407254343853,0,1.15231526404145,0
synthetic_canonical,ideal,same_information,constvel,pair_weighted,all,latent_kinematic_truth,3360,7,0.285948164410107,0,0.684520310506735,1.14379265764041,0,2.73808124202313,0.285948164410107,0,1.14379265764041,0
synthetic_canonical,ideal,causal_history,expanded_warm_mean_v1,pair_weighted,all,latent_kinematic_truth,3353,7,14.9396552343698,11.6057797879091,26.1216603454404,1.15350385457749,0.102527230472592,2.76554523944085,14.9396552343698,0,1.15350385457749,0
synthetic_canonical,ideal,causal_history,constvel,pair_weighted,all,latent_kinematic_truth,3353,7,0.286246493301271,0,0.684520310506763,1.14498597320507,0,2.73808124202313,0.286246493301271,0,1.14498597320507,0
synthetic_canonical,ideal,causal_history,constacc,pair_weighted,all,latent_kinematic_truth,3353,7,0.0291725274646882,0,0.00896028594117801,0.116690109858898,0,0.0358411437572349,0.0291725274646882,0,0.116690109858898,0
synthetic_canonical,ideal,causal_history,constturn,pair_weighted,all,latent_kinematic_truth,3353,7,0.0492480626923009,0,0.106127912690769,0.196502158978915,2.1316282072803e-14,0.418547815149635,0.0492480626923009,0,0.196502158978915,0
synthetic_canonical,empirical_timing,same_information,expanded_warm_mean_v1,pair_weighted,all,latent_kinematic_truth,1372,7,34.8615866648428,9.85992112755626,26.1769443502598,5.217610511035,0.176728342830372,5.48127311920989,14.9407254343853,133.332623760094,1.15231526404145,352.793664533745
synthetic_canonical,empirical_timing,same_information,constvel,pair_weighted,all,latent_kinematic_truth,1372,7,31.4366695555016,4.06738395668033e-12,2.76196071890371,5.22753832288118,0,5.4760451937589,0.285948164410107,10893.835061104,1.14379265764041,357.035485230804
synthetic_canonical,empirical_timing,causal_history,expanded_warm_mean_v1,pair_weighted,all,latent_kinematic_truth,1365,7,34.9426775838726,9.93517561863737,26.1769443502598,5.23094987208735,0.177307562981066,5.48127311920989,14.9396552343698,133.892128270031,1.15350385457749,353.483519047568
synthetic_canonical,empirical_timing,causal_history,constvel,pair_weighted,all,latent_kinematic_truth,1365,7,31.5171733225402,4.06738395668033e-12,2.76196071890371,5.24092512667691,0,5.4760451937589,0.286246493301271,10910.5011100935,1.14498597320507,357.7283258769
synthetic_canonical,empirical_timing,causal_history,constacc,pair_weighted,all,latent_kinematic_truth,1365,7,20.0614403000418,1.81898940354586e-12,0.0985526776679635,3.14989041996856,0,0.215021275008307,0.0291725274646882,68668.2626208001,0.116690109858898,2599.36365967725
synthetic_canonical,empirical_timing,causal_history,constturn,pair_weighted,all,latent_kinematic_truth,1365,7,19.2551575500202,4.06738395668033e-12,0.43721881588013,3.01641674204784,4.2632564145606e-14,0.800000000000019,0.0492480626923009,38998.3045776346,0.196502158978915,1435.05526744442
synthetic_canonical,degraded,same_information,expanded_warm_mean_v1,pair_weighted,all,latent_kinematic_truth,1031,7,76.1708029035948,57.1561173348515,107.032260798963,7.1953531233723,3.07537027164688,9.01833451717946,14.9407254343853,409.819976534017,1.15231526404145,524.425740759212
synthetic_canonical,degraded,same_information,constvel,pair_weighted,all,latent_kinematic_truth,1031,7,73.8724754219827,55.4590491989088,104.278193847944,7.20302712541198,3.03521473709756,8.9029264667689,0.285948164410107,25734.2191405135,1.14379265764041,529.749376103836
synthetic_canonical,degraded,causal_history,expanded_warm_mean_v1,pair_weighted,all,latent_kinematic_truth,1024,7,76.2665124328417,57.2477891524795,107.032260798963,7.21340300140003,3.07240269184306,9.01833451717946,14.9396552343698,410.497138229703,1.15350385457749,525.347108531524
synthetic_canonical,degraded,causal_history,constvel,pair_weighted,all,latent_kinematic_truth,1024,7,73.9628361097314,55.4590491989088,104.278193847944,7.22118682834632,3.02882105935941,8.9029264667689,0.286246493301271,25738.8619042003,1.14498597320507,530.6790648389
synthetic_canonical,degraded,causal_history,constacc,pair_weighted,all,latent_kinematic_truth,1024,7,94.1843669973421,57.2491025427274,116.340351231032,14.9703983850998,6.51872851711614,29.0848094543194,0.0291725274646882,322752.955100812,0.116690109858898,12729.1921253669
synthetic_canonical,degraded,causal_history,constturn,pair_weighted,all,latent_kinematic_truth,1024,7,73.0029449329315,56.4099288721074,108.962835178123,8.90950656899347,4.08509104257176,15.8063924920769,0.0492480626923009,148135.160820538,0.196502158978915,4434.05021873041
synthetic_in_distribution,ideal,same_information,expanded_warm_mean_v1,pair_weighted,all,latent_kinematic_truth,120000,100,25.42799638048,19.0993392030328,46.9993084699143,2.06152570421252,0.483200355455618,4.8691670381239,25.42799638048,0,2.06152570421252,0
synthetic_in_distribution,ideal,same_information,constvel,pair_weighted,all,latent_kinematic_truth,120000,100,0.511600965054538,0.0952630128015128,1.21105729326499,2.04640386021817,0.381052051206932,4.84422917306976,0.511600965054538,0,2.04640386021817,0
synthetic_in_distribution,ideal,causal_history,expanded_warm_mean_v1,pair_weighted,all,latent_kinematic_truth,119900,100,25.4317959242441,19.1018616666672,47.0061738053385,2.06138020530258,0.483147056092851,4.8691670381239,25.4317959242441,0,2.06138020530258,0
synthetic_in_distribution,ideal,causal_history,constvel,pair_weighted,all,latent_kinematic_truth,119900,100,0.511558100542503,0.0952630128015128,1.21105729326499,2.04623240217003,0.381052051206932,4.84422917306976,0.511558100542503,0,2.04623240217003,0
synthetic_in_distribution,ideal,causal_history,constacc,pair_weighted,all,latent_kinematic_truth,119900,100,0.0808267121554592,9.09494701772928e-13,0.0291530071453088,0.323306848621856,0,0.116612028584505,0.0808267121554592,0,0.323306848621856,0
synthetic_in_distribution,ideal,causal_history,constturn,pair_weighted,all,latent_kinematic_truth,119900,100,0.109042474765768,0.0221793779415631,0.174971524527908,0.436197598326192,0.0883979911205373,0.699105578015999,0.109042474765768,0,0.436197598326192,0
synthetic_in_distribution,empirical_timing,same_information,expanded_warm_mean_v1,pair_weighted,all,latent_kinematic_truth,49143,100,58.5981027181292,20.2205955162287,66.9418052448518,8.52538383511237,0.763890706608035,11.2090668849838,25.42799638048,130.447188371918,2.06152570421252,313.547297406556
synthetic_in_distribution,empirical_timing,same_information,constvel,pair_weighted,all,latent_kinematic_truth,49143,100,43.5975763838552,0.191426225587605,11.1001773271998,8.4742666791946,0.587294769750834,11.15294529702,0.511600965054538,8421.79322593883,2.04640386021817,314.105291918828
synthetic_in_distribution,empirical_timing,causal_history,expanded_warm_mean_v1,pair_weighted,all,latent_kinematic_truth,49043,100,58.6381375697551,20.2338276500918,66.986316066542,8.53159003108865,0.763408489222329,11.2144309730832,25.4317959242441,130.570179724725,2.06138020530258,313.877556849651
synthetic_in_distribution,empirical_timing,causal_history,constvel,pair_weighted,all,latent_kinematic_truth,49043,100,43.6402867462029,0.191426225587494,11.1011768505164,8.48025916359935,0.587294769750834,11.1529452970201,0.511558100542503,8430.85635823629,2.04623240217003,314.432845194223
synthetic_in_distribution,empirical_timing,causal_history,constacc,pair_weighted,all,latent_kinematic_truth,49043,100,16.6139796076572,7.49988544269883e-12,0.756695004546797,3.57298705265059,0,1.1884210593509,0.0808267121554592,20455.0605296211,0.323306848621856,1005.13806555011
synthetic_in_distribution,empirical_timing,causal_history,constturn,pair_weighted,all,latent_kinematic_truth,49043,100,15.3356315928664,0.0548581871827062,2.39557256887812,3.24069082208615,0.146479809427121,2.17836458165999,0.109042474765768,13963.9064051037,0.436197598326192,642.941005297039
synthetic_in_distribution,degraded,same_information,expanded_warm_mean_v1,pair_weighted,all,latent_kinematic_truth,36751,100,96.6042770399946,62.3255057881696,129.906802880626,11.3061801142622,3.59807726550072,16.5977549365289,25.42799638048,279.913051718671,2.06152570421252,448.437503891373
synthetic_in_distribution,degraded,same_information,constvel,pair_weighted,all,latent_kinematic_truth,36751,100,84.8151544382371,55.174188862614,110.158566069909,11.2448707154592,3.53799472949277,16.5663911052389,0.511600965054538,16478.3804628272,2.04640386021817,449.49420952814
synthetic_in_distribution,degraded,causal_history,expanded_warm_mean_v1,pair_weighted,all,latent_kinematic_truth,36651,100,96.6603418326079,62.3253085571905,129.995731342007,11.3151679348359,3.59807645683589,16.6051663985785,25.4317959242441,280.076743775935,2.06138020530258,448.91222423352
synthetic_in_distribution,degraded,causal_history,constvel,pair_weighted,all,latent_kinematic_truth,36651,100,84.8665137251979,55.1808303624174,110.192377182505,11.2536198486426,3.53782012387355,16.5788751115251,0.511558100542503,16489.8093755524,2.04623240217003,449.967825585605
synthetic_in_distribution,degraded,causal_history,constacc,pair_weighted,all,latent_kinematic_truth,36651,100,116.964324449702,56.6939568305133,125.331751738996,18.7198880620989,6.49694719958745,31.846595450182,0.0808267121554592,144609.986748857,0.323306848621856,5690.13037982189
synthetic_in_distribution,degraded,causal_history,constturn,pair_weighted,all,latent_kinematic_truth,36651,100,89.1554514441872,55.7395810640155,113.838598564068,12.1797346379639,4.34399273227885,19.682850751866,0.109042474765768,81662.1313490002,0.436197598326192,2692.25165033022
synthetic_out_of_distribution,ideal,same_information,expanded_warm_mean_v1,pair_weighted,all,latent_kinematic_truth,60000,50,47.4116458591098,36.0116334958006,90.6184572401229,13.2852421418263,2.31170242173072,28.8283130039347,47.4116458591098,0,13.2852421418263,0
synthetic_out_of_distribution,ideal,same_information,constvel,pair_weighted,all,latent_kinematic_truth,60000,50,3.31558111605368,0.549293882486653,7.19722056294649,13.2623244642147,2.1971755299428,28.7888822517873,3.31558111605368,0,13.2623244642147,0
synthetic_out_of_distribution,ideal,causal_history,expanded_warm_mean_v1,pair_weighted,all,latent_kinematic_truth,59950,50,47.4223586546177,36.0289889461966,90.6264105388657,13.2851205628598,2.31182592970403,28.8289701174281,47.4223586546177,0,13.2851205628598,0
synthetic_out_of_distribution,ideal,causal_history,constvel,pair_weighted,all,latent_kinematic_truth,59950,50,3.31554029230004,0.549293882486653,7.19722056294659,13.2621611692002,2.1971755299428,28.7888822517873,3.31554029230004,0,13.2621611692002,0
synthetic_out_of_distribution,ideal,causal_history,constacc,pair_weighted,all,latent_kinematic_truth,59950,50,0.890494259911975,1.81898940354586e-12,0.618062695390292,3.5619770396479,0,2.47225078157171,0.890494259911975,0,3.5619770396479,0
synthetic_out_of_distribution,ideal,causal_history,constturn,pair_weighted,all,latent_kinematic_truth,59950,50,1.04915563625291,0.243569712398586,1.52783522430005,4.19500184489634,0.96407403570713,6.11327033433923,1.04915563625291,0,4.19500184489634,0
synthetic_out_of_distribution,empirical_timing,same_information,expanded_warm_mean_v1,pair_weighted,all,latent_kinematic_truth,24800,50,240.756582895386,40.6861567029669,163.797412135087,45.5818724409859,4.245166993888,69.9039101144076,47.4116458591098,407.800517220658,13.2852421418263,243.1015555033
synthetic_out_of_distribution,empirical_timing,same_information,constvel,pair_weighted,all,latent_kinematic_truth,24800,50,215.889081853621,1.9884598799038,79.9994820034072,45.4519684387445,3.9417694547921,70.2339906198471,3.31558111605368,6411.34972413461,13.2623244642147,242.71494835906
synthetic_out_of_distribution,empirical_timing,causal_history,expanded_warm_mean_v1,pair_weighted,all,latent_kinematic_truth,24750,50,240.964052073551,40.7094641499672,163.896846546007,45.5970088872901,4.25032767152601,69.9484161994358,47.4223586546177,408.123296499272,13.2851205628598,243.218630734615
synthetic_out_of_distribution,empirical_timing,causal_history,constvel,pair_weighted,all,latent_kinematic_truth,24750,50,216.079631977395,1.9884598799038,80.0555824493838,45.4669679167878,3.9417694547921,70.2367974953572,3.31554029230004,6417.17707907864,13.2621611692002,242.832267959309
synthetic_out_of_distribution,empirical_timing,causal_history,constacc,pair_weighted,all,latent_kinematic_truth,24750,50,201.008904243359,1.51096607858891e-11,22.847848921827,41.3430867428763,0,31.1681118351719,0.890494259911975,22472.7344119241,3.5619770396479,1060.67808081557
synthetic_out_of_distribution,empirical_timing,causal_history,constturn,pair_weighted,all,latent_kinematic_truth,24750,50,147.845136576807,0.599647509740019,25.881998086764,31.1156750406219,1.891790916497,25.800339985696,1.04915563625291,13991.8212196657,4.19500184489634,641.732094313078
synthetic_out_of_distribution,degraded,same_information,expanded_warm_mean_v1,pair_weighted,all,latent_kinematic_truth,18624,50,321.342346882976,77.4922809070888,277.799344629681,58.1662220755872,6.76616129401166,106.072244355997,47.4116458591098,577.770916955486,13.2852421418263,337.825833015576
synthetic_out_of_distribution,degraded,same_information,constvel,pair_weighted,all,latent_kinematic_truth,18624,50,292.368255708374,59.1294891153755,181.296594449176,58.0097235985057,6.40710705377955,106.419663519902,3.31558111605368,8718.00943710167,13.2623244642147,337.402385645377
synthetic_out_of_distribution,degraded,causal_history,expanded_warm_mean_v1,pair_weighted,all,latent_kinematic_truth,18574,50,321.646960981447,77.4886948104856,278.099141084858,58.1890484888285,6.76632674650892,106.090868616973,47.4223586546177,578.260150078231,13.2851205628598,338.001659175779
synthetic_out_of_distribution,degraded,causal_history,constvel,pair_weighted,all,latent_kinematic_truth,18574,50,292.665818540985,59.1053396008356,181.389376784217,58.0326258867395,6.40734288419331,106.528456446938,3.31554029230004,8727.0928035671,13.2621611692002,337.580460276064
synthetic_out_of_distribution,degraded,causal_history,constacc,pair_weighted,all,latent_kinematic_truth,18574,50,305.225999848511,58.1352053611051,153.068962876983,57.7231135223224,7.95187137384019,68.0517790562334,0.890494259911975,34176.0210356305,3.5619770396479,1520.53581142759
synthetic_out_of_distribution,degraded,causal_history,constturn,pair_weighted,all,latent_kinematic_truth,18574,50,223.793424064347,57.2782460315357,131.026180869093,42.6957993966922,6.01572554141723,48.9467264446999,1.04915563625291,21230.8127346704,4.19500184489634,917.777845524339
real_adsb,baseline,same_information,expanded_warm_mean_v1,pair_weighted,all,next_retained_adsb_observation,93524,887,27.469077219258,9.95098480980998,29.2569741522989,3.45315587854865,0.232783340493397,2.32991836166863,27.469077219258,0,3.45315587854865,0
real_adsb,baseline,same_information,constvel,pair_weighted,all,next_retained_adsb_observation,93524,887,23.3028475335465,6.00390543504825,19.8956980406383,3.46727539825498,0.174698457107171,2.22256722451447,23.3028475335465,0,3.46727539825498,0
real_adsb,baseline,causal_history,expanded_warm_mean_v1,pair_weighted,all,next_retained_adsb_observation,92637,836,26.854334755323,9.92171969843455,28.8990653990165,3.4402354804192,0.231227312979731,2.2926326498154,26.854334755323,0,3.4402354804192,0
real_adsb,baseline,causal_history,constvel,pair_weighted,all,next_retained_adsb_observation,92637,836,22.7300820131981,5.9924423008281,19.6480166870817,3.45602244750232,0.173471886136885,2.19115799935724,22.7300820131981,0,3.45602244750232,0
real_adsb,baseline,causal_history,constacc,pair_weighted,all,next_retained_adsb_observation,92637,836,63.2366586038771,5.96922227933297,19.3222538253974,7.9533610831734,0.173494678769558,1.83536944315121,63.2366586038771,0,7.9533610831734,0
real_adsb,baseline,causal_history,constturn,pair_weighted,all,next_retained_adsb_observation,92637,836,16.0392496558375,5.97222502166003,19.4034417262807,3.24541434586224,0.180309722465748,1.82065698786092,16.0392496558375,0,3.24541434586224,0
real_adsb,random_dropout_10,same_information,expanded_warm_mean_v1,pair_weighted,all,next_retained_adsb_observation,84302,887,28.4190450326825,10.1772864170754,30.763636411678,3.30231205178987,0.253764389835538,2.52985692370817,27.469077219258,3.45831716821745,3.45315587854865,-4.36828895260228
real_adsb,random_dropout_10,same_information,constvel,pair_weighted,all,next_retained_adsb_observation,84302,887,23.2949135100595,6.05547704213018,20.6137877012972,3.31599896934408,0.193707055258597,2.39632139119041,23.3028475335465,-0.0340474419514117,3.46727539825498,-4.36297702187226
real_adsb,random_dropout_10,causal_history,expanded_warm_mean_v1,pair_weighted,all,next_retained_adsb_observation,83415,831,27.7362700340216,10.1420882567018,30.3283375390636,3.28368919694611,0.251926822484607,2.48452632658848,26.854334755323,3.284144949909,3.4402354804192,-4.55045255954444
real_adsb,random_dropout_10,causal_history,constvel,pair_weighted,all,next_retained_adsb_observation,83415,831,22.636540089022,6.03931211654946,20.3635666966583,3.29968386521761,0.191895940117798,2.36667286875867,22.7300820131981,-0.41153359729095,3.45602244750232,-4.5236564478247
real_adsb,random_dropout_10,causal_history,constacc,pair_weighted,all,next_retained_adsb_observation,83415,831,49.8194637883209,6.01437583323284,19.9103084968224,7.11337659915631,0.193874533735805,2.04963782592336,63.2366586038771,-21.2174316476829,7.9533610831734,-10.5613774507763
real_adsb,random_dropout_10,causal_history,constturn,pair_weighted,all,next_retained_adsb_observation,83415,831,17.3008160669641,6.02181517391836,20.000185713716,3.16320153861062,0.20130775397393,2.01543162100469,16.0392496558375,7.86549519582661,3.24541434586224,-2.53319910773276
real_adsb,random_dropout_25,same_information,expanded_warm_mean_v1,pair_weighted,all,next_retained_adsb_observation,70453,887,34.4689538459682,10.6516628817632,34.8128574714535,3.55096452676693,0.290400408710826,2.91787936581219,27.469077219258,25.4827512800568,3.45315587854865,2.83244231243319
real_adsb,random_dropout_25,same_information,constvel,pair_weighted,all,next_retained_adsb_observation,70453,887,29.0452970286999,6.20955859374809,21.9168289277829,3.56862416919515,0.229827001827412,2.73265625367028,23.3028475335465,24.6426943612217,3.46727539825498,2.92300897099737
real_adsb,random_dropout_25,causal_history,expanded_warm_mean_v1,pair_weighted,all,next_retained_adsb_observation,69566,817,33.2343936349323,10.601528140394,33.8972197196422,3.50220080913533,0.287986090693285,2.85577142138083,26.854334755323,23.758022448665,3.4402354804192,1.80119439697705
real_adsb,random_dropout_25,causal_history,constvel,pair_weighted,all,next_retained_adsb_observation,69566,817,27.8479471714415,6.18815134356925,21.4990351986213,3.52237104113973,0.227413099331565,2.67823077635678,22.7300820131981,22.5158235472785,3.45602244750232,1.91979637416303
real_adsb,random_dropout_25,causal_history,constacc,pair_weighted,all,next_retained_adsb_observation,69566,817,75.0556439511445,6.15822176260955,20.991132257712,7.91118380103331,0.230319726720948,2.37952647112328,63.2366586038771,18.6900851629482,7.9533610831734,-0.530307648540329
real_adsb,random_dropout_25,causal_history,constturn,pair_weighted,all,next_retained_adsb_observation,69566,817,19.6715852539495,6.16510379048307,21.0532519964509,3.14607251710362,0.238058571299245,2.33700007530485,16.0392496558375,22.6465431741064,3.24541434586224,-3.06099062159108
real_adsb,burst_outage,same_information,expanded_warm_mean_v1,pair_weighted,all,next_retained_adsb_observation,74646,887,102.758460243273,10.0226211586357,31.6055128484574,4.07534875646526,0.236713432357077,2.60539172049587,27.469077219258,274.087776677228,3.45315587854865,18.0180941666069
real_adsb,burst_outage,same_information,constvel,pair_weighted,all,next_retained_adsb_observation,74646,887,102.845377930213,6.05430374838504,21.315919291017,4.08875946446642,0.178497240001029,2.413438790962,23.3028475335465,341.342534564317,3.46727539825498,17.924277561691
real_adsb,burst_outage,causal_history,expanded_warm_mean_v1,pair_weighted,all,next_retained_adsb_observation,73759,784,102.962328179065,9.97692042166502,30.8630625102848,3.92405186646746,0.234383112610203,2.53922776861905,26.854334755323,283.410459120221,3.4402354804192,14.0634671318867
real_adsb,burst_outage,causal_history,constvel,pair_weighted,all,next_retained_adsb_observation,73759,784,103.126780553542,6.03709579748895,20.9408404676879,3.93455780271997,0.176594965026625,2.37503903081424,22.7300820131981,353.701753005827,3.45602244750232,13.8464191852544
real_adsb,burst_outage,causal_history,constacc,pair_weighted,all,next_retained_adsb_observation,73759,784,254.693504911133,6.01715708544972,20.6565243415101,7.66849043654535,0.176179459575172,2.01750792968987,63.2366586038771,302.762433269234,7.9533610831734,-3.58176428366552
real_adsb,burst_outage,causal_history,constturn,pair_weighted,all,next_retained_adsb_observation,73759,784,198.146516011485,6.02102527444841,20.6735037973958,4.49808075852186,0.183646777038374,1.97525849806825,16.0392496558375,1135.3851973329,3.24541434586224,38.5980426276453
