domain,profile,comparisonFamily,modelID,weighting,caseID,targetReference,sampleCount,eventCount,positionRMSEMeters,positionMedianErrorMeters,positionP95ErrorMeters,velocityRMSEMetersPerSecond,velocityMedianErrorMetersPerSecond,velocityP95ErrorMetersPerSecond
synthetic_canonical,ideal,same_information,expanded_warm_mean_v1,pair_weighted,cv_level__ideal,latent_kinematic_truth,480,1,8.39600645031363,8.39600645031232,8.39600645031595,0.0664861951015648,0.0664861951015649,0.0664861951015649
synthetic_canonical,ideal,same_information,expanded_warm_mean_v1,independent_event_weighted,cv_level__ideal,latent_kinematic_truth,480,1,8.39600645031364,8.39600645031232,8.39600645031595,0.0664861951015649,0.0664861951015649,0.0664861951015649
synthetic_canonical,ideal,same_information,constvel,pair_weighted,cv_level__ideal,latent_kinematic_truth,480,1,0,0,0,0,0,0
synthetic_canonical,ideal,same_information,constvel,independent_event_weighted,cv_level__ideal,latent_kinematic_truth,480,1,0,0,0,0,0,0
synthetic_canonical,ideal,causal_history,expanded_warm_mean_v1,pair_weighted,cv_level__ideal,latent_kinematic_truth,479,1,8.39600645031363,8.39600645031232,8.39600645031595,0.0664861951015648,0.0664861951015649,0.0664861951015649
synthetic_canonical,ideal,causal_history,expanded_warm_mean_v1,independent_event_weighted,cv_level__ideal,latent_kinematic_truth,479,1,8.39600645031363,8.39600645031232,8.39600645031595,0.0664861951015649,0.0664861951015649,0.0664861951015649
synthetic_canonical,ideal,causal_history,constvel,pair_weighted,cv_level__ideal,latent_kinematic_truth,479,1,0,0,0,0,0,0
synthetic_canonical,ideal,causal_history,constvel,independent_event_weighted,cv_level__ideal,latent_kinematic_truth,479,1,0,0,0,0,0,0
synthetic_canonical,ideal,causal_history,constacc,pair_weighted,cv_level__ideal,latent_kinematic_truth,479,1,0,0,0,0,0,0
synthetic_canonical,ideal,causal_history,constacc,independent_event_weighted,cv_level__ideal,latent_kinematic_truth,479,1,0,0,0,0,0,0
synthetic_canonical,ideal,causal_history,constturn,pair_weighted,cv_level__ideal,latent_kinematic_truth,479,1,0,0,0,1.4210854715202e-14,1.4210854715202e-14,1.4210854715202e-14
synthetic_canonical,ideal,causal_history,constturn,independent_event_weighted,cv_level__ideal,latent_kinematic_truth,479,1,0,0,0,1.4210854715202e-14,1.4210854715202e-14,1.4210854715202e-14
synthetic_canonical,empirical_timing,same_information,expanded_warm_mean_v1,pair_weighted,cv_level__empirical_timing,latent_kinematic_truth,209,1,10.3951986353041,8.39600645031595,9.32514343722651,0.3599171905447,0.0664861951015649,0.624018095109269
synthetic_canonical,empirical_timing,same_information,expanded_warm_mean_v1,independent_event_weighted,cv_level__empirical_timing,latent_kinematic_truth,209,1,10.3951986353041,8.39600645031595,9.32514343722651,0.3599171905447,0.0664861951015649,0.624018095109269
synthetic_canonical,empirical_timing,same_information,constvel,pair_weighted,cv_level__empirical_timing,latent_kinematic_truth,209,1,1.06804959487298e-11,0,1.46651614128105e-11,0,0,0
synthetic_canonical,empirical_timing,same_information,constvel,independent_event_weighted,cv_level__empirical_timing,latent_kinematic_truth,209,1,1.06804959487298e-11,0,1.46651614128105e-11,0,0,0
synthetic_canonical,empirical_timing,causal_history,expanded_warm_mean_v1,pair_weighted,cv_level__empirical_timing,latent_kinematic_truth,208,1,10.4000772060207,8.39600645031595,9.32514343722651,0.360607754005856,0.0664861951015649,0.624018095109269
synthetic_canonical,empirical_timing,causal_history,expanded_warm_mean_v1,independent_event_weighted,cv_level__empirical_timing,latent_kinematic_truth,208,1,10.4000772060206,8.39600645031595,9.32514343722651,0.360607754005855,0.0664861951015649,0.624018095109269
synthetic_canonical,empirical_timing,causal_history,constvel,pair_weighted,cv_level__empirical_timing,latent_kinematic_truth,208,1,1.07059537050813e-11,0,1.46651614128105e-11,0,0,0
synthetic_canonical,empirical_timing,causal_history,constvel,independent_event_weighted,cv_level__empirical_timing,latent_kinematic_truth,208,1,1.07059537050813e-11,0,1.46651614128105e-11,0,0,0
synthetic_canonical,empirical_timing,causal_history,constacc,pair_weighted,cv_level__empirical_timing,latent_kinematic_truth,208,1,1.07059537050813e-11,0,1.46651614128105e-11,0,0,0
synthetic_canonical,empirical_timing,causal_history,constacc,independent_event_weighted,cv_level__empirical_timing,latent_kinematic_truth,208,1,1.07059537050813e-11,0,1.46651614128105e-11,0,0,0
synthetic_canonical,empirical_timing,causal_history,constturn,pair_weighted,cv_level__empirical_timing,latent_kinematic_truth,208,1,1.07059537050813e-11,0,1.46651614128105e-11,7.90674521675539e-14,1.4210854715202e-14,1.53055589383215e-13
synthetic_canonical,empirical_timing,causal_history,constturn,independent_event_weighted,cv_level__empirical_timing,latent_kinematic_truth,208,1,1.07059537050813e-11,0,1.46651614128105e-11,7.90674521675539e-14,1.4210854715202e-14,1.53055589383215e-13
synthetic_canonical,degraded,same_information,expanded_warm_mean_v1,pair_weighted,cv_level__degraded,latent_kinematic_truth,156,1,60.1924060808662,52.5978120858018,97.4572357049553,3.24166240680743,2.82583115105048,5.45429597730742
synthetic_canonical,degraded,same_information,expanded_warm_mean_v1,independent_event_weighted,cv_level__degraded,latent_kinematic_truth,156,1,60.1924060808662,52.5978120858018,97.4572357049553,3.24166240680743,2.82583115105048,5.45429597730742
synthetic_canonical,degraded,same_information,constvel,pair_weighted,cv_level__degraded,latent_kinematic_truth,156,1,58.6870268031232,54.3280630043593,93.1310819649619,3.21307195071297,2.7723095783821,5.37862550328611
synthetic_canonical,degraded,same_information,constvel,independent_event_weighted,cv_level__degraded,latent_kinematic_truth,156,1,58.6870268031232,54.3280630043593,93.1310819649619,3.21307195071297,2.7723095783821,5.37862550328611
synthetic_canonical,degraded,causal_history,expanded_warm_mean_v1,pair_weighted,cv_level__degraded,latent_kinematic_truth,155,1,60.2347275002588,52.5978120858018,97.4572357049553,3.22968621075031,2.82583115105048,5.45429597730742
synthetic_canonical,degraded,causal_history,expanded_warm_mean_v1,independent_event_weighted,cv_level__degraded,latent_kinematic_truth,155,1,60.2347275002589,52.5978120858018,97.4572357049553,3.22968621075031,2.82583115105048,5.45429597730742
synthetic_canonical,degraded,causal_history,constvel,pair_weighted,cv_level__degraded,latent_kinematic_truth,155,1,58.6866965764401,54.3280630043593,93.1310819649619,3.20225346441548,2.7723095783821,5.37862550328611
synthetic_canonical,degraded,causal_history,constvel,independent_event_weighted,cv_level__degraded,latent_kinematic_truth,155,1,58.6866965764401,54.3280630043593,93.1310819649619,3.20225346441548,2.7723095783821,5.37862550328611
synthetic_canonical,degraded,causal_history,constacc,pair_weighted,cv_level__degraded,latent_kinematic_truth,155,1,109.752093185325,56.0865209390506,113.786427766735,16.4463932080875,6.34803322431536,34.7671403697107
synthetic_canonical,degraded,causal_history,constacc,independent_event_weighted,cv_level__degraded,latent_kinematic_truth,155,1,109.752093185325,56.0865209390506,113.786427766735,16.4463932080875,6.34803322431536,34.7671403697107
synthetic_canonical,degraded,causal_history,constturn,pair_weighted,cv_level__degraded,latent_kinematic_truth,155,1,68.9863863474041,55.6469473618545,98.6733561038562,8.79991526052764,4.20263117746285,15.5344200299838
synthetic_canonical,degraded,causal_history,constturn,independent_event_weighted,cv_level__degraded,latent_kinematic_truth,155,1,68.9863863474041,55.6469473618545,98.6733561038562,8.79991526052765,4.20263117746285,15.5344200299838
synthetic_canonical,ideal,same_information,expanded_warm_mean_v1,pair_weighted,cv_climb__ideal,latent_kinematic_truth,480,1,25.9775777592183,26.0316415876126,26.3304103016447,0.0394930975830525,0.0359633852819766,0.0544128792327723
synthetic_canonical,ideal,same_information,expanded_warm_mean_v1,independent_event_weighted,cv_climb__ideal,latent_kinematic_truth,480,1,25.9775777592183,26.0316415876126,26.3304103016447,0.0394930975830525,0.0359633852819766,0.0544128792327723
synthetic_canonical,ideal,same_information,constvel,pair_weighted,cv_climb__ideal,latent_kinematic_truth,480,1,0,0,0,0,0,0
synthetic_canonical,ideal,same_information,constvel,independent_event_weighted,cv_climb__ideal,latent_kinematic_truth,480,1,0,0,0,0,0,0
synthetic_canonical,ideal,causal_history,expanded_warm_mean_v1,pair_weighted,cv_climb__ideal,latent_kinematic_truth,479,1,25.9770520351771,26.0316415876126,26.334065816137,0.0395042117409605,0.0360372894934279,0.0545210497144076
synthetic_canonical,ideal,causal_history,expanded_warm_mean_v1,independent_event_weighted,cv_climb__ideal,latent_kinematic_truth,479,1,25.9770520351771,26.0316415876126,26.334065816137,0.0395042117409605,0.0360372894934279,0.0545210497144076
synthetic_canonical,ideal,causal_history,constvel,pair_weighted,cv_climb__ideal,latent_kinematic_truth,479,1,0,0,0,0,0,0
synthetic_canonical,ideal,causal_history,constvel,independent_event_weighted,cv_climb__ideal,latent_kinematic_truth,479,1,0,0,0,0,0,0
synthetic_canonical,ideal,causal_history,constacc,pair_weighted,cv_climb__ideal,latent_kinematic_truth,479,1,0,0,0,0,0,0
synthetic_canonical,ideal,causal_history,constacc,independent_event_weighted,cv_climb__ideal,latent_kinematic_truth,479,1,0,0,0,0,0,0
synthetic_canonical,ideal,causal_history,constturn,pair_weighted,cv_climb__ideal,latent_kinematic_truth,479,1,0,0,0,2.1316282072803e-14,2.1316282072803e-14,2.1316282072803e-14
synthetic_canonical,ideal,causal_history,constturn,independent_event_weighted,cv_climb__ideal,latent_kinematic_truth,479,1,0,0,0,2.1316282072803e-14,2.1316282072803e-14,2.1316282072803e-14
synthetic_canonical,empirical_timing,same_information,expanded_warm_mean_v1,pair_weighted,cv_climb__empirical_timing,latent_kinematic_truth,212,1,19.5541099481974,23.9055318736084,26.2700315633031,0.852517425456643,0.16312389767419,1.30732014220532
synthetic_canonical,empirical_timing,same_information,expanded_warm_mean_v1,independent_event_weighted,cv_climb__empirical_timing,latent_kinematic_truth,212,1,19.5541099481974,25.5644525722024,26.2700315633031,0.852517425456643,0.163448628879367,1.30732014220532
synthetic_canonical,empirical_timing,same_information,constvel,pair_weighted,cv_climb__empirical_timing,latent_kinematic_truth,212,1,7.05708975061532e-12,0,1.49997708853977e-11,0,0,0
synthetic_canonical,empirical_timing,same_information,constvel,independent_event_weighted,cv_climb__empirical_timing,latent_kinematic_truth,212,1,7.05708975061532e-12,0,1.49997708853977e-11,0,0,0
synthetic_canonical,empirical_timing,causal_history,expanded_warm_mean_v1,pair_weighted,cv_climb__empirical_timing,latent_kinematic_truth,211,1,19.5995241701339,25.5644525722024,26.2700315633031,0.854387728161447,0.16312389767419,1.30732014220532
synthetic_canonical,empirical_timing,causal_history,expanded_warm_mean_v1,independent_event_weighted,cv_climb__empirical_timing,latent_kinematic_truth,211,1,19.5995241701339,25.5644525722024,26.2700315633031,0.854387728161448,0.16312389767419,1.30732014220532
synthetic_canonical,empirical_timing,causal_history,constvel,pair_weighted,cv_climb__empirical_timing,latent_kinematic_truth,211,1,7.07268446062102e-12,0,1.49997708853977e-11,0,0,0
synthetic_canonical,empirical_timing,causal_history,constvel,independent_event_weighted,cv_climb__empirical_timing,latent_kinematic_truth,211,1,7.07268446062103e-12,0,1.49997708853977e-11,0,0,0
synthetic_canonical,empirical_timing,causal_history,constacc,pair_weighted,cv_climb__empirical_timing,latent_kinematic_truth,211,1,7.07268446062102e-12,0,1.49997708853977e-11,0,0,0
synthetic_canonical,empirical_timing,causal_history,constacc,independent_event_weighted,cv_climb__empirical_timing,latent_kinematic_truth,211,1,7.07268446062103e-12,0,1.49997708853977e-11,0,0,0
synthetic_canonical,empirical_timing,causal_history,constturn,pair_weighted,cv_climb__empirical_timing,latent_kinematic_truth,211,1,7.07268446062102e-12,0,1.49997708853977e-11,7.79144068496065e-14,4.2632564145606e-14,1.31017606822935e-13
synthetic_canonical,empirical_timing,causal_history,constturn,independent_event_weighted,cv_climb__empirical_timing,latent_kinematic_truth,211,1,7.07268446062103e-12,0,1.49997708853977e-11,7.79144068496065e-14,4.2632564145606e-14,1.31017606822935e-13
synthetic_canonical,degraded,same_information,expanded_warm_mean_v1,pair_weighted,cv_climb__degraded,latent_kinematic_truth,155,1,64.3078832716006,54.0210459752135,114.253503534189,3.38858257079841,2.88022544183174,5.42180632226857
synthetic_canonical,degraded,same_information,expanded_warm_mean_v1,independent_event_weighted,cv_climb__degraded,latent_kinematic_truth,155,1,64.3078832716006,54.0210459752135,114.253503534189,3.38858257079842,2.88022544183174,5.42180632226857
synthetic_canonical,degraded,same_information,constvel,pair_weighted,cv_climb__degraded,latent_kinematic_truth,155,1,61.814296519831,52.2289595050477,110.017829638816,3.19089561321407,2.80317300658615,5.3181838539678
synthetic_canonical,degraded,same_information,constvel,independent_event_weighted,cv_climb__degraded,latent_kinematic_truth,155,1,61.8142965198311,52.2289595050477,110.017829638816,3.19089561321407,2.80317300658615,5.3181838539678
synthetic_canonical,degraded,causal_history,expanded_warm_mean_v1,pair_weighted,cv_climb__degraded,latent_kinematic_truth,154,1,64.4403907517483,54.0210459752135,114.253503534189,3.39691297715065,2.88022544183174,5.42180632226857
synthetic_canonical,degraded,causal_history,expanded_warm_mean_v1,independent_event_weighted,cv_climb__degraded,latent_kinematic_truth,154,1,64.4403907517483,54.0210459752135,114.253503534189,3.39691297715065,2.88022544183174,5.42180632226857
synthetic_canonical,degraded,causal_history,constvel,pair_weighted,cv_climb__degraded,latent_kinematic_truth,154,1,61.9621551819457,52.2289595050477,110.017829638816,3.19888492484163,2.80317300658615,5.3181838539678
synthetic_canonical,degraded,causal_history,constvel,independent_event_weighted,cv_climb__degraded,latent_kinematic_truth,154,1,61.9621551819457,52.2289595050477,110.017829638816,3.19888492484163,2.80317300658615,5.3181838539678
synthetic_canonical,degraded,causal_history,constacc,pair_weighted,cv_climb__degraded,latent_kinematic_truth,154,1,66.0715695527616,53.3396360826377,116.340351231032,12.0331961563149,6.70353959143036,26.5340073550217
synthetic_canonical,degraded,causal_history,constacc,independent_event_weighted,cv_climb__degraded,latent_kinematic_truth,154,1,66.0715695527616,53.3396360826377,116.340351231032,12.0331961563149,6.70353959143036,26.5340073550217
synthetic_canonical,degraded,causal_history,constturn,pair_weighted,cv_climb__degraded,latent_kinematic_truth,154,1,63.6392413360702,52.730530523923,110.247257918306,7.04743979986832,4.31031043945926,13.9967500379529
synthetic_canonical,degraded,causal_history,constturn,independent_event_weighted,cv_climb__degraded,latent_kinematic_truth,154,1,63.6392413360702,52.730530523923,110.247257918306,7.04743979986831,4.31031043945926,13.9967500379529
synthetic_canonical,ideal,same_information,expanded_warm_mean_v1,pair_weighted,horizontal_acceleration__ideal,latent_kinematic_truth,480,1,5.82530053488141,6.42831049937939,6.73030899790483,0.284310802657817,0.0410060788023727,0.409400669100544
synthetic_canonical,ideal,same_information,expanded_warm_mean_v1,independent_event_weighted,horizontal_acceleration__ideal,latent_kinematic_truth,480,1,5.82530053488141,6.42831049937939,6.73030899790483,0.284310802657817,0.0410060788023727,0.409400669100544
synthetic_canonical,ideal,same_information,constvel,pair_weighted,horizontal_acceleration__ideal,latent_kinematic_truth,480,1,0.0707106781187105,0,0.100000000001512,0.282842712474623,0,0.400000000000006
synthetic_canonical,ideal,same_information,constvel,independent_event_weighted,horizontal_acceleration__ideal,latent_kinematic_truth,480,1,0.0707106781187106,0,0.100000000001512,0.282842712474624,0,0.400000000000006
synthetic_canonical,ideal,causal_history,expanded_warm_mean_v1,pair_weighted,horizontal_acceleration__ideal,latent_kinematic_truth,479,1,5.82326404378151,6.42831049937939,6.73030899790483,0.284606014108179,0.387621900172723,0.409456993215327
synthetic_canonical,ideal,causal_history,expanded_warm_mean_v1,independent_event_weighted,horizontal_acceleration__ideal,latent_kinematic_truth,479,1,5.8232640437815,6.42831049937939,6.73030899790483,0.284606014108178,0.387621900172723,0.409456993215327
synthetic_canonical,ideal,causal_history,constvel,pair_weighted,horizontal_acceleration__ideal,latent_kinematic_truth,479,1,0.0707844503642507,0.0999999999950692,0.100000000001512,0.283137801456784,0.399999999999995,0.400000000000006
synthetic_canonical,ideal,causal_history,constvel,independent_event_weighted,horizontal_acceleration__ideal,latent_kinematic_truth,479,1,0.0707844503642506,0.0999999999950692,0.100000000001512,0.283137801456783,0.399999999999995,0.400000000000006
synthetic_canonical,ideal,causal_history,constacc,pair_weighted,horizontal_acceleration__ideal,latent_kinematic_truth,479,1,0.00913823324761039,0,7.27595761418343e-12,0.0365529329907969,0,0
synthetic_canonical,ideal,causal_history,constacc,independent_event_weighted,horizontal_acceleration__ideal,latent_kinematic_truth,479,1,0.00913823324761038,0,7.27595761418343e-12,0.0365529329907968,0,0
synthetic_canonical,ideal,causal_history,constturn,pair_weighted,horizontal_acceleration__ideal,latent_kinematic_truth,479,1,0.0707844503642507,0.0999999999950692,0.100000000001512,0.283137801456784,0.399999999999991,0.400000000000014
synthetic_canonical,ideal,causal_history,constturn,independent_event_weighted,horizontal_acceleration__ideal,latent_kinematic_truth,479,1,0.0707844503642506,0.0999999999950692,0.100000000001512,0.283137801456783,0.399999999999991,0.400000000000014
synthetic_canonical,empirical_timing,same_information,expanded_warm_mean_v1,pair_weighted,horizontal_acceleration__empirical_timing,latent_kinematic_truth,205,1,11.0057956107293,6.61921008978511,10.7749981339673,1.18455333937422,0.117853712165611,1.71997050374972
synthetic_canonical,empirical_timing,same_information,expanded_warm_mean_v1,independent_event_weighted,horizontal_acceleration__empirical_timing,latent_kinematic_truth,205,1,11.0057956107293,6.61921008978511,10.7749981339673,1.18455333937422,0.117853712165611,1.71997050374972
synthetic_canonical,empirical_timing,same_information,constvel,pair_weighted,horizontal_acceleration__empirical_timing,latent_kinematic_truth,205,1,5.1694977819005,7.29015461814988e-12,1.60000000000247,1.20097521348889,0,1.60000000000002
synthetic_canonical,empirical_timing,same_information,constvel,independent_event_weighted,horizontal_acceleration__empirical_timing,latent_kinematic_truth,205,1,5.1694977819005,7.29015461814988e-12,1.60000000000247,1.20097521348889,0,1.60000000000002
synthetic_canonical,empirical_timing,causal_history,expanded_warm_mean_v1,pair_weighted,horizontal_acceleration__empirical_timing,latent_kinematic_truth,204,1,11.0173334523472,6.58734925099379,10.7749981339673,1.18744299985699,0.117853712165611,1.71997050374972
synthetic_canonical,empirical_timing,causal_history,expanded_warm_mean_v1,independent_event_weighted,horizontal_acceleration__empirical_timing,latent_kinematic_truth,204,1,11.0173334523472,6.58734925099379,10.7749981339673,1.18744299985699,0.117853712165611,1.71997050374972
synthetic_canonical,empirical_timing,causal_history,constvel,pair_weighted,horizontal_acceleration__empirical_timing,latent_kinematic_truth,204,1,5.1821526301677,7.29015461814988e-12,1.60000000000247,1.20391518169094,0,1.60000000000002
synthetic_canonical,empirical_timing,causal_history,constvel,independent_event_weighted,horizontal_acceleration__empirical_timing,latent_kinematic_truth,204,1,5.1821526301677,7.29015461814988e-12,1.60000000000247,1.20391518169094,0,1.60000000000002
synthetic_canonical,empirical_timing,causal_history,constacc,pair_weighted,horizontal_acceleration__empirical_timing,latent_kinematic_truth,204,1,0.0806766050163309,9.09494701772928e-13,7.29015461814988e-12,0.105202367494092,0,0
synthetic_canonical,empirical_timing,causal_history,constacc,independent_event_weighted,horizontal_acceleration__empirical_timing,latent_kinematic_truth,204,1,0.0806766050163309,9.09494701772928e-13,7.29015461814988e-12,0.105202367494092,0,0
synthetic_canonical,empirical_timing,causal_history,constturn,pair_weighted,horizontal_acceleration__empirical_timing,latent_kinematic_truth,204,1,5.1821526301677,7.29015461814988e-12,1.60000000000247,1.20391518169094,5.123796534383e-14,1.60000000000003
synthetic_canonical,empirical_timing,causal_history,constturn,independent_event_weighted,horizontal_acceleration__empirical_timing,latent_kinematic_truth,204,1,5.18215263016769,7.29015461814988e-12,1.60000000000247,1.20391518169094,5.123796534383e-14,1.60000000000003
synthetic_canonical,degraded,same_information,expanded_warm_mean_v1,pair_weighted,horizontal_acceleration__degraded,latent_kinematic_truth,150,1,63.1783726854152,54.5171599835706,105.396713680268,3.37275679308764,2.66513287083066,6.55084920073836
synthetic_canonical,degraded,same_information,expanded_warm_mean_v1,independent_event_weighted,horizontal_acceleration__degraded,latent_kinematic_truth,150,1,63.1783726854152,54.8185824149938,105.396713680268,3.37275679308764,2.69483511752531,6.55084920073836
synthetic_canonical,degraded,same_information,constvel,pair_weighted,horizontal_acceleration__degraded,latent_kinematic_truth,150,1,62.0546610671462,51.4384603460367,102.704571211321,3.36759960589248,2.70040229618704,6.11965746995922
synthetic_canonical,degraded,same_information,constvel,independent_event_weighted,horizontal_acceleration__degraded,latent_kinematic_truth,150,1,62.0546610671462,55.1481599286846,102.704571211321,3.36759960589248,2.72908098165916,6.11965746995922
synthetic_canonical,degraded,causal_history,expanded_warm_mean_v1,pair_weighted,horizontal_acceleration__degraded,latent_kinematic_truth,149,1,63.0193437042197,54.5171599835706,105.396713680268,3.35713896933341,2.66513287083066,6.55084920073836
synthetic_canonical,degraded,causal_history,expanded_warm_mean_v1,independent_event_weighted,horizontal_acceleration__degraded,latent_kinematic_truth,149,1,63.0193437042197,54.5171599835706,105.396713680268,3.35713896933342,2.66513287083066,6.55084920073836
synthetic_canonical,degraded,causal_history,constvel,pair_weighted,horizontal_acceleration__degraded,latent_kinematic_truth,149,1,61.9186871021045,51.4384603460367,102.704571211321,3.3524469246573,2.70040229618704,6.11965746995922
synthetic_canonical,degraded,causal_history,constvel,independent_event_weighted,horizontal_acceleration__degraded,latent_kinematic_truth,149,1,61.9186871021045,51.4384603460367,102.704571211321,3.3524469246573,2.70040229618704,6.11965746995922
synthetic_canonical,degraded,causal_history,constacc,pair_weighted,horizontal_acceleration__degraded,latent_kinematic_truth,149,1,86.1996183779435,56.4014077870501,116.344202456887,14.7519714818806,6.06207569258526,23.0674269027692
synthetic_canonical,degraded,causal_history,constacc,independent_event_weighted,horizontal_acceleration__degraded,latent_kinematic_truth,149,1,86.1996183779435,56.4014077870501,116.344202456887,14.7519714818806,6.06207569258526,23.0674269027692
synthetic_canonical,degraded,causal_history,constturn,pair_weighted,horizontal_acceleration__degraded,latent_kinematic_truth,149,1,73.3097909719428,55.4476134088987,110.909514251865,9.1754980899022,3.98560695253373,14.0472226352498
synthetic_canonical,degraded,causal_history,constturn,independent_event_weighted,horizontal_acceleration__degraded,latent_kinematic_truth,149,1,73.3097909719428,55.4476134088987,110.909514251865,9.1754980899022,3.98560695253373,14.0472226352498
synthetic_canonical,ideal,same_information,expanded_warm_mean_v1,pair_weighted,vertical_acceleration__ideal,latent_kinematic_truth,480,1,8.64150829438912,8.22459671961627,12.1705869968431,0.0727820131062187,0.0624696279900157,0.106663883715748
synthetic_canonical,ideal,same_information,expanded_warm_mean_v1,independent_event_weighted,vertical_acceleration__ideal,latent_kinematic_truth,480,1,8.64150829438912,8.22459671961627,12.1705869968431,0.0727820131062187,0.0624696279900157,0.106663883715748
synthetic_canonical,ideal,same_information,constvel,pair_weighted,vertical_acceleration__ideal,latent_kinematic_truth,480,1,0.0132582521472478,0,0.0187500000010914,0.0530330085889911,0,0.0750000000000002
synthetic_canonical,ideal,same_information,constvel,independent_event_weighted,vertical_acceleration__ideal,latent_kinematic_truth,480,1,0.0132582521472478,0,0.0187500000010914,0.0530330085889911,0,0.0750000000000002
synthetic_canonical,ideal,causal_history,expanded_warm_mean_v1,pair_weighted,vertical_acceleration__ideal,latent_kinematic_truth,479,1,8.6393526053535,8.22459671961627,12.1725482396001,0.0728020141391266,0.0624696279900157,0.106990502569641
synthetic_canonical,ideal,causal_history,expanded_warm_mean_v1,independent_event_weighted,vertical_acceleration__ideal,latent_kinematic_truth,479,1,8.63935260535348,8.22459671961627,12.1725482396001,0.0728020141391264,0.0624696279900157,0.106990502569641
synthetic_canonical,ideal,causal_history,constvel,pair_weighted,vertical_acceleration__ideal,latent_kinematic_truth,479,1,0.0132720844432865,0.0187499999992724,0.0187500000010914,0.0530883377731462,0.0749999999999993,0.0750000000000002
synthetic_canonical,ideal,causal_history,constvel,independent_event_weighted,vertical_acceleration__ideal,latent_kinematic_truth,479,1,0.0132720844432865,0.0187499999992724,0.0187500000010914,0.0530883377731461,0.0749999999999993,0.0750000000000002
synthetic_canonical,ideal,causal_history,constacc,pair_weighted,vertical_acceleration__ideal,latent_kinematic_truth,479,1,0.00171341873387709,0,1.81898940354586e-12,0.00685367493577427,0,0
synthetic_canonical,ideal,causal_history,constacc,independent_event_weighted,vertical_acceleration__ideal,latent_kinematic_truth,479,1,0.00171341873387709,0,1.81898940354586e-12,0.00685367493577427,0,0
synthetic_canonical,ideal,causal_history,constturn,pair_weighted,vertical_acceleration__ideal,latent_kinematic_truth,479,1,0.0132720844432865,0.0187499999992724,0.0187500000010914,0.0530883377731462,0.0749999999999993,0.0750000000000002
synthetic_canonical,ideal,causal_history,constturn,independent_event_weighted,vertical_acceleration__ideal,latent_kinematic_truth,479,1,0.0132720844432865,0.0187499999992724,0.0187500000010914,0.0530883377731461,0.0749999999999993,0.0750000000000002
synthetic_canonical,empirical_timing,same_information,expanded_warm_mean_v1,pair_weighted,vertical_acceleration__empirical_timing,latent_kinematic_truth,182,1,13.3072874582619,9.61870320656911,21.4114965623253,0.433708258095803,0.0885913642457315,0.555067884747316
synthetic_canonical,empirical_timing,same_information,expanded_warm_mean_v1,independent_event_weighted,vertical_acceleration__empirical_timing,latent_kinematic_truth,182,1,13.3072874582619,9.61870320656911,21.4114965623253,0.433708258095803,0.0885913642457315,0.555067884747316
synthetic_canonical,empirical_timing,same_information,constvel,pair_weighted,vertical_acceleration__empirical_timing,latent_kinematic_truth,182,1,1.32737013939238,0.0187499999992724,0.300000000001091,0.239117539720945,0.075,0.300000000000001
synthetic_canonical,empirical_timing,same_information,constvel,independent_event_weighted,vertical_acceleration__empirical_timing,latent_kinematic_truth,182,1,1.32737013939238,0.0187499999992724,0.300000000001091,0.239117539720945,0.075,0.300000000000001
synthetic_canonical,empirical_timing,causal_history,expanded_warm_mean_v1,pair_weighted,vertical_acceleration__empirical_timing,latent_kinematic_truth,181,1,13.3439199490925,9.61870320656911,21.4114965623253,0.434874322725762,0.0886231242274502,0.555067884747316
synthetic_canonical,empirical_timing,causal_history,expanded_warm_mean_v1,independent_event_weighted,vertical_acceleration__empirical_timing,latent_kinematic_truth,181,1,13.3439199490925,9.61870320656911,21.4114965623253,0.434874322725762,0.0886231242274502,0.555067884747316
synthetic_canonical,empirical_timing,causal_history,constvel,pair_weighted,vertical_acceleration__empirical_timing,latent_kinematic_truth,181,1,1.33103185707856,0.0187499999992724,0.300000000001091,0.239777175566508,0.075,0.300000000000001
synthetic_canonical,empirical_timing,causal_history,constvel,independent_event_weighted,vertical_acceleration__empirical_timing,latent_kinematic_truth,181,1,1.33103185707856,0.0187499999992724,0.300000000001091,0.239777175566508,0.075,0.300000000000001
synthetic_canonical,empirical_timing,causal_history,constacc,pair_weighted,vertical_acceleration__empirical_timing,latent_kinematic_truth,181,1,0.0893479028195095,1.81898940354586e-12,5.53224029344912e-11,0.0466228253680944,0,8.88178419700125e-16
synthetic_canonical,empirical_timing,causal_history,constacc,independent_event_weighted,vertical_acceleration__empirical_timing,latent_kinematic_truth,181,1,0.0893479028195095,1.81898940354586e-12,5.53224029344912e-11,0.0466228253680944,0,8.88178419700125e-16
synthetic_canonical,empirical_timing,causal_history,constturn,pair_weighted,vertical_acceleration__empirical_timing,latent_kinematic_truth,181,1,1.33103185707856,0.0187499999992724,0.300000000001091,0.239777175566508,0.075,0.300000000000001
synthetic_canonical,empirical_timing,causal_history,constturn,independent_event_weighted,vertical_acceleration__empirical_timing,latent_kinematic_truth,181,1,1.33103185707856,0.0187499999992724,0.300000000001091,0.239777175566508,0.075,0.300000000000001
synthetic_canonical,degraded,same_information,expanded_warm_mean_v1,pair_weighted,vertical_acceleration__degraded,latent_kinematic_truth,129,1,63.2665312992856,57.2477891524795,95.3384860655531,3.16761411124259,2.89724277928495,4.94292804768809
synthetic_canonical,degraded,same_information,expanded_warm_mean_v1,independent_event_weighted,vertical_acceleration__degraded,latent_kinematic_truth,129,1,63.2665312992855,57.2477891524795,95.3384860655531,3.16761411124259,2.89724277928495,4.94292804768809
synthetic_canonical,degraded,same_information,constvel,pair_weighted,vertical_acceleration__degraded,latent_kinematic_truth,129,1,62.4097203774554,55.870821327324,98.370495938771,3.14236484866026,2.71236768590896,4.9135418895863
synthetic_canonical,degraded,same_information,constvel,independent_event_weighted,vertical_acceleration__degraded,latent_kinematic_truth,129,1,62.4097203774554,55.870821327324,98.370495938771,3.14236484866026,2.71236768590896,4.9135418895863
synthetic_canonical,degraded,causal_history,expanded_warm_mean_v1,pair_weighted,vertical_acceleration__degraded,latent_kinematic_truth,128,1,63.0135831417928,56.9331775886622,95.3384860655531,3.17773032223162,2.89724277928495,4.94292804768809
synthetic_canonical,degraded,causal_history,expanded_warm_mean_v1,independent_event_weighted,vertical_acceleration__degraded,latent_kinematic_truth,128,1,63.0135831417928,56.9331775886622,95.3384860655531,3.17773032223162,2.89724277928495,4.94292804768809
synthetic_canonical,degraded,causal_history,constvel,pair_weighted,vertical_acceleration__degraded,latent_kinematic_truth,128,1,62.1480548410374,55.7307159561857,98.370495938771,3.15256641077638,2.71236768590896,4.9135418895863
synthetic_canonical,degraded,causal_history,constvel,independent_event_weighted,vertical_acceleration__degraded,latent_kinematic_truth,128,1,62.1480548410374,55.7307159561857,98.370495938771,3.15256641077638,2.71236768590896,4.9135418895863
synthetic_canonical,degraded,causal_history,constacc,pair_weighted,vertical_acceleration__degraded,latent_kinematic_truth,128,1,99.5512585487641,57.9570441374927,100.144616328105,14.8709731966952,6.23466972902528,32.2881424219217
synthetic_canonical,degraded,causal_history,constacc,independent_event_weighted,vertical_acceleration__degraded,latent_kinematic_truth,128,1,99.5512585487641,57.9570441374927,100.144616328105,14.8709731966952,6.23466972902528,32.2881424219217
synthetic_canonical,degraded,causal_history,constturn,pair_weighted,vertical_acceleration__degraded,latent_kinematic_truth,128,1,67.7741630010583,56.4099288721074,97.8492458226717,8.72214348903354,4.06892083814214,21.1477564035089
synthetic_canonical,degraded,causal_history,constturn,independent_event_weighted,vertical_acceleration__degraded,latent_kinematic_truth,128,1,67.7741630010583,56.4099288721074,97.8492458226717,8.72214348903354,4.06892083814214,21.1477564035089
synthetic_canonical,ideal,same_information,expanded_warm_mean_v1,pair_weighted,left_turn__ideal,latent_kinematic_truth,480,1,17.6847522975014,19.0436418239022,23.3875632944943,2.00708299931776,0.240757174113135,2.99910389547615
synthetic_canonical,ideal,same_information,expanded_warm_mean_v1,independent_event_weighted,left_turn__ideal,latent_kinematic_truth,480,1,17.6847522975014,19.0436418239022,23.3875632944943,2.00708299931776,0.240757174113135,2.99910389547615
synthetic_canonical,ideal,same_information,constvel,pair_weighted,left_turn__ideal,latent_kinematic_truth,480,1,0.484028953418613,0,0.684520310508025,1.93611581367424,0,2.73808124202314
synthetic_canonical,ideal,same_information,constvel,independent_event_weighted,left_turn__ideal,latent_kinematic_truth,480,1,0.484028953418613,0,0.684520310508025,1.93611581367424,0,2.73808124202314
synthetic_canonical,ideal,causal_history,expanded_warm_mean_v1,pair_weighted,left_turn__ideal,latent_kinematic_truth,479,1,17.6818061276704,19.0436418239022,23.3875632944943,2.00914686852955,2.69039337223853,2.9995329886323
synthetic_canonical,ideal,causal_history,expanded_warm_mean_v1,independent_event_weighted,left_turn__ideal,latent_kinematic_truth,479,1,17.6818061276703,19.0436418239022,23.3875632944943,2.00914686852955,2.69039337223853,2.9995329886323
synthetic_canonical,ideal,causal_history,constvel,pair_weighted,left_turn__ideal,latent_kinematic_truth,479,1,0.484533939422851,0.684520310499396,0.684520310508208,1.93813575769119,2.73808124202312,2.73808124202314
synthetic_canonical,ideal,causal_history,constvel,independent_event_weighted,left_turn__ideal,latent_kinematic_truth,479,1,0.484533939422851,0.684520310499396,0.684520310508208,1.93813575769119,2.73808124202312,2.73808124202314
synthetic_canonical,ideal,causal_history,constacc,pair_weighted,left_turn__ideal,latent_kinematic_truth,479,1,0.0446822378120146,0.00896028593562987,0.00896028594144648,0.178728951248255,0.035841143757194,0.0358411437572366
synthetic_canonical,ideal,causal_history,constacc,independent_event_weighted,left_turn__ideal,latent_kinematic_truth,479,1,0.0446822378120145,0.00896028593562987,0.00896028594144648,0.178728951248255,0.035841143757194,0.0358411437572366
synthetic_canonical,ideal,causal_history,constturn,pair_weighted,left_turn__ideal,latent_kinematic_truth,479,1,0.0442989119056293,4.8909534565688e-05,0.00578114018420142,0.17714520941442,0.000194250155534115,0.0177137680959707
synthetic_canonical,ideal,causal_history,constturn,independent_event_weighted,left_turn__ideal,latent_kinematic_truth,479,1,0.0442989119056292,4.8909534565688e-05,0.00578114018420142,0.17714520941442,0.000194250155534115,0.0177137680959707
synthetic_canonical,empirical_timing,same_information,expanded_warm_mean_v1,pair_weighted,left_turn__empirical_timing,latent_kinematic_truth,196,1,68.44999842289,15.7544166884291,29.8942779162251,10.2626496678239,0.490416085636092,10.7669995334971
synthetic_canonical,empirical_timing,same_information,expanded_warm_mean_v1,independent_event_weighted,left_turn__empirical_timing,latent_kinematic_truth,196,1,68.44999842289,15.7544166884291,29.8942779162251,10.2626496678239,0.490416085636092,10.7669995334971
synthetic_canonical,empirical_timing,same_information,constvel,pair_weighted,left_turn__empirical_timing,latent_kinematic_truth,196,1,66.8075146297808,5.14487896861499e-12,10.9515186190249,10.2548510779005,0,10.9511520953646
synthetic_canonical,empirical_timing,same_information,constvel,independent_event_weighted,left_turn__empirical_timing,latent_kinematic_truth,196,1,66.8075146297808,5.14487896861499e-12,10.9515186190249,10.2548510779004,0,10.9511520953646
synthetic_canonical,empirical_timing,causal_history,expanded_warm_mean_v1,pair_weighted,left_turn__empirical_timing,latent_kinematic_truth,195,1,68.6117350876334,15.7544166884291,29.8942779162251,10.2889160586457,0.490416085636092,10.7669995334971
synthetic_canonical,empirical_timing,causal_history,expanded_warm_mean_v1,independent_event_weighted,left_turn__empirical_timing,latent_kinematic_truth,195,1,68.6117350876333,15.7544166884291,29.8942779162251,10.2889160586457,0.490416085636092,10.7669995334971
synthetic_canonical,empirical_timing,causal_history,constvel,pair_weighted,left_turn__empirical_timing,latent_kinematic_truth,195,1,66.9785968935903,5.14487896861499e-12,10.9515186190249,10.2811119431214,0,10.9511520953646
synthetic_canonical,empirical_timing,causal_history,constvel,independent_event_weighted,left_turn__empirical_timing,latent_kinematic_truth,195,1,66.9785968935902,5.14487896861499e-12,10.9515186190249,10.2811119431213,0,10.9511520953646
synthetic_canonical,empirical_timing,causal_history,constacc,pair_weighted,left_turn__empirical_timing,latent_kinematic_truth,195,1,38.3539074973243,5.14487896861499e-12,0.492770785797951,5.79302667941699,0,0.573335484624049
synthetic_canonical,empirical_timing,causal_history,constacc,independent_event_weighted,left_turn__empirical_timing,latent_kinematic_truth,195,1,38.3539074973243,5.14487896861499e-12,0.492770785797951,5.79302667941699,0,0.573335484624049
synthetic_canonical,empirical_timing,causal_history,constturn,pair_weighted,left_turn__empirical_timing,latent_kinematic_truth,195,1,35.6128984050264,5.14487896861499e-12,0.0601135508503392,5.27412638960325,9.6644260656372e-14,0.0658585315013731
synthetic_canonical,empirical_timing,causal_history,constturn,independent_event_weighted,left_turn__empirical_timing,latent_kinematic_truth,195,1,35.6128984050264,5.14487896861499e-12,0.0601135508503392,5.27412638960325,9.6644260656372e-14,0.0658585315013731
synthetic_canonical,degraded,same_information,expanded_warm_mean_v1,pair_weighted,left_turn__degraded,latent_kinematic_truth,150,1,107.038837468516,63.7786579495062,114.329810257745,12.5558826355247,3.48448681332455,14.2609165445665
synthetic_canonical,degraded,same_information,expanded_warm_mean_v1,independent_event_weighted,left_turn__degraded,latent_kinematic_truth,150,1,107.038837468516,64.1125485714709,114.329810257745,12.5558826355247,3.4967362503262,14.2609165445665
synthetic_canonical,degraded,same_information,constvel,pair_weighted,left_turn__degraded,latent_kinematic_truth,150,1,104.056891304417,60.1935543021892,109.292384889582,12.5165863813139,3.53600580944985,14.4973434698998
synthetic_canonical,degraded,same_information,constvel,independent_event_weighted,left_turn__degraded,latent_kinematic_truth,150,1,104.056891304417,61.0386071148925,109.292384889582,12.5165863813139,3.54029612936878,14.4973434698998
synthetic_canonical,degraded,causal_history,expanded_warm_mean_v1,pair_weighted,left_turn__degraded,latent_kinematic_truth,149,1,107.375181306149,64.1125485714709,114.329810257745,12.5952879062939,3.4967362503262,14.2609165445665
synthetic_canonical,degraded,causal_history,expanded_warm_mean_v1,independent_event_weighted,left_turn__degraded,latent_kinematic_truth,149,1,107.375181306149,64.1125485714709,114.329810257745,12.5952879062939,3.4967362503262,14.2609165445665
synthetic_canonical,degraded,causal_history,constvel,pair_weighted,left_turn__degraded,latent_kinematic_truth,149,1,104.365745504862,61.0386071148925,109.292384889582,12.5557043170908,3.54029612936878,14.4973434698998
synthetic_canonical,degraded,causal_history,constvel,independent_event_weighted,left_turn__degraded,latent_kinematic_truth,149,1,104.365745504862,61.0386071148925,109.292384889582,12.5557043170908,3.54029612936878,14.4973434698998
synthetic_canonical,degraded,causal_history,constacc,pair_weighted,left_turn__degraded,latent_kinematic_truth,149,1,87.0910486654855,62.1049881069191,104.534911574329,12.9616479348796,6.90503960514001,23.6878932998407
synthetic_canonical,degraded,causal_history,constacc,independent_event_weighted,left_turn__degraded,latent_kinematic_truth,149,1,87.0910486654856,62.1049881069191,104.534911574329,12.9616479348796,6.90503960514001,23.6878932998407
synthetic_canonical,degraded,causal_history,constturn,pair_weighted,left_turn__degraded,latent_kinematic_truth,149,1,70.9121575057084,60.4809131373779,108.962835178123,7.28659968321296,4.20337887575474,11.9498773760007
synthetic_canonical,degraded,causal_history,constturn,independent_event_weighted,left_turn__degraded,latent_kinematic_truth,149,1,70.9121575057084,60.4809131373779,108.962835178123,7.28659968321296,4.20337887575474,11.9498773760007
synthetic_canonical,ideal,same_information,expanded_warm_mean_v1,pair_weighted,right_turn__ideal,latent_kinematic_truth,480,1,13.6089786308654,15.0973931684599,19.7225158774686,1.81457205490026,0.284021142674441,2.65505739462189
synthetic_canonical,ideal,same_information,expanded_warm_mean_v1,independent_event_weighted,right_turn__ideal,latent_kinematic_truth,480,1,13.6089786308654,15.0973931684599,19.7225158774686,1.81457205490026,0.284021142674441,2.65505739462189
synthetic_canonical,ideal,same_information,constvel,pair_weighted,right_turn__ideal,latent_kinematic_truth,480,1,0.459441491310466,0,0.649748388129417,1.83776596524213,0,2.5989935525131
synthetic_canonical,ideal,same_information,constvel,independent_event_weighted,right_turn__ideal,latent_kinematic_truth,480,1,0.459441491310467,0,0.649748388129417,1.83776596524213,0,2.5989935525131
synthetic_canonical,ideal,causal_history,expanded_warm_mean_v1,pair_weighted,right_turn__ideal,latent_kinematic_truth,479,1,13.6057009741231,15.0973931684599,19.8724157522507,1.8164554876018,2.33816836148702,2.6576583677354
synthetic_canonical,ideal,causal_history,expanded_warm_mean_v1,independent_event_weighted,right_turn__ideal,latent_kinematic_truth,479,1,13.6057009741231,15.0973931684599,19.8724157522507,1.81645548760179,2.33816836148702,2.6576583677354
synthetic_canonical,ideal,causal_history,constvel,pair_weighted,right_turn__ideal,latent_kinematic_truth,479,1,0.459920825286749,0.649748388125277,0.64974838812943,1.83968330114726,2.59899355251308,2.5989935525131
synthetic_canonical,ideal,causal_history,constvel,independent_event_weighted,right_turn__ideal,latent_kinematic_truth,479,1,0.459920825286749,0.649748388125277,0.64974838812943,1.83968330114726,2.59899355251308,2.5989935525131
synthetic_canonical,ideal,causal_history,constacc,pair_weighted,right_turn__ideal,latent_kinematic_truth,479,1,0.0424124917124905,0.00850512578595474,0.00850512579084365,0.169649966849931,0.0340205031574666,0.0340205031575067
synthetic_canonical,ideal,causal_history,constacc,independent_event_weighted,right_turn__ideal,latent_kinematic_truth,479,1,0.0424124917124904,0.00850512578595474,0.00850512579084365,0.169649966849931,0.0340205031574666,0.0340205031575067
synthetic_canonical,ideal,causal_history,constturn,pair_weighted,right_turn__ideal,latent_kinematic_truth,479,1,0.042048637804935,4.64250507392594e-05,0.00548747269974035,0.168146675146305,0.000184382732712901,0.016813952911836
synthetic_canonical,ideal,causal_history,constturn,independent_event_weighted,right_turn__ideal,latent_kinematic_truth,479,1,0.0420486378049349,4.64250507392594e-05,0.00548747269974035,0.168146675146305,0.000184382732712901,0.016813952911836
synthetic_canonical,empirical_timing,same_information,expanded_warm_mean_v1,pair_weighted,right_turn__empirical_timing,latent_kinematic_truth,202,1,21.3045814459661,15.2852726239148,34.9893151090665,6.0205100428028,2.41987291445716,13.0517536770627
synthetic_canonical,empirical_timing,same_information,expanded_warm_mean_v1,independent_event_weighted,right_turn__empirical_timing,latent_kinematic_truth,202,1,21.3045814459661,15.2852726239148,34.9893151090665,6.0205100428028,2.41987291445716,13.0517536770627
synthetic_canonical,empirical_timing,same_information,constvel,pair_weighted,right_turn__empirical_timing,latent_kinematic_truth,202,1,12.1456384854408,0.649748388126131,23.3869914822406,5.98454648905042,2.59899355251309,12.9927412180416
synthetic_canonical,empirical_timing,same_information,constvel,independent_event_weighted,right_turn__empirical_timing,latent_kinematic_truth,202,1,12.1456384854408,0.649748388126131,23.3869914822406,5.98454648905042,2.59899355251309,12.9927412180416
synthetic_canonical,empirical_timing,causal_history,expanded_warm_mean_v1,pair_weighted,right_turn__empirical_timing,latent_kinematic_truth,201,1,21.330947925357,15.2852726239148,34.9893151090665,6.03546089407969,2.42338222254326,13.0517536770627
synthetic_canonical,empirical_timing,causal_history,expanded_warm_mean_v1,independent_event_weighted,right_turn__empirical_timing,latent_kinematic_truth,201,1,21.330947925357,15.2852726239148,34.9893151090665,6.03546089407968,2.42338222254326,13.0517536770627
synthetic_canonical,empirical_timing,causal_history,constvel,pair_weighted,right_turn__empirical_timing,latent_kinematic_truth,201,1,12.1758140312913,0.649748388126734,23.3869914822406,5.99941495044837,2.59899355251309,12.9927412180416
synthetic_canonical,empirical_timing,causal_history,constvel,independent_event_weighted,right_turn__empirical_timing,latent_kinematic_truth,201,1,12.1758140312913,0.649748388126734,23.3869914822406,5.99941495044837,2.59899355251309,12.9927412180416
synthetic_canonical,empirical_timing,causal_history,constacc,pair_weighted,right_turn__empirical_timing,latent_kinematic_truth,201,1,4.63136444606071,0.00850512578894593,0.926907481843034,1.8866828219709,0.0340205031574735,1.12220644971085
synthetic_canonical,empirical_timing,causal_history,constacc,independent_event_weighted,right_turn__empirical_timing,latent_kinematic_truth,201,1,4.63136444606071,0.00850512578894593,0.926907481843034,1.8866828219709,0.0340205031574735,1.12220644971085
synthetic_canonical,empirical_timing,causal_history,constturn,pair_weighted,right_turn__empirical_timing,latent_kinematic_truth,201,1,4.57991835693248,0.000887242451271002,0.108280564821554,1.84333544712973,0.00333974972986881,0.0614953810943542
synthetic_canonical,empirical_timing,causal_history,constturn,independent_event_weighted,right_turn__empirical_timing,latent_kinematic_truth,201,1,4.57991835693248,0.000887242451271002,0.108280564821554,1.84333544712973,0.00333974972986881,0.0614953810943542
synthetic_canonical,degraded,same_information,expanded_warm_mean_v1,pair_weighted,right_turn__degraded,latent_kinematic_truth,164,1,73.3452002852315,57.0803323680677,115.114700708696,8.59723179181436,3.90980009205432,16.3106067646694
synthetic_canonical,degraded,same_information,expanded_warm_mean_v1,independent_event_weighted,right_turn__degraded,latent_kinematic_truth,164,1,73.3452002852315,57.0803323680677,115.114700708696,8.59723179181436,3.90980009205432,16.3106067646694
synthetic_canonical,degraded,same_information,constvel,pair_weighted,right_turn__degraded,latent_kinematic_truth,164,1,70.2753788459982,54.302797483154,112.652273885744,8.58215795508048,3.94172160961181,15.4934268282079
synthetic_canonical,degraded,same_information,constvel,independent_event_weighted,right_turn__degraded,latent_kinematic_truth,164,1,70.2753788459982,54.302797483154,112.652273885744,8.58215795508048,3.94172160961181,15.4934268282079
synthetic_canonical,degraded,causal_history,expanded_warm_mean_v1,pair_weighted,right_turn__degraded,latent_kinematic_truth,163,1,73.4419665791262,57.7992001728149,115.114700708696,8.61252006979238,3.90980009205432,16.3106067646694
synthetic_canonical,degraded,causal_history,expanded_warm_mean_v1,independent_event_weighted,right_turn__degraded,latent_kinematic_truth,163,1,73.4419665791262,57.7992001728149,115.114700708696,8.61252006979238,3.90980009205432,16.3106067646694
synthetic_canonical,degraded,causal_history,constvel,pair_weighted,right_turn__degraded,latent_kinematic_truth,163,1,70.4110542868808,54.4928691874087,112.652273885744,8.59702310935369,3.94172160961181,15.4934268282079
synthetic_canonical,degraded,causal_history,constvel,independent_event_weighted,right_turn__degraded,latent_kinematic_truth,163,1,70.4110542868808,54.4928691874087,112.652273885744,8.59702310935369,3.94172160961181,15.4934268282079
synthetic_canonical,degraded,causal_history,constacc,pair_weighted,right_turn__degraded,latent_kinematic_truth,163,1,89.1834197471585,57.3349020335686,119.912767738362,15.3201250361407,6.33215339183639,28.5923370819812
synthetic_canonical,degraded,causal_history,constacc,independent_event_weighted,right_turn__degraded,latent_kinematic_truth,163,1,89.1834197471585,57.3349020335686,119.912767738362,15.3201250361407,6.33215339183639,28.5923370819812
synthetic_canonical,degraded,causal_history,constturn,pair_weighted,right_turn__degraded,latent_kinematic_truth,163,1,67.2390197378992,56.0958075285724,110.627036769705,8.54352566129891,3.78526361420879,17.573232590884
synthetic_canonical,degraded,causal_history,constturn,independent_event_weighted,right_turn__degraded,latent_kinematic_truth,163,1,67.2390197378993,56.0958075285724,110.627036769705,8.54352566129891,3.78526361420879,17.573232590884
synthetic_canonical,ideal,same_information,expanded_warm_mean_v1,pair_weighted,motion_transitions__ideal,latent_kinematic_truth,480,1,14.5149891445653,13.8439619089956,17.3576905858882,1.37173225987786,0.152767000759334,2.75790982249241
synthetic_canonical,ideal,same_information,expanded_warm_mean_v1,independent_event_weighted,motion_transitions__ideal,latent_kinematic_truth,480,1,14.5149891445653,13.8439619089956,17.3576905858882,1.37173225987786,0.152767000759334,2.75790982249241
synthetic_canonical,ideal,same_information,constvel,pair_weighted,motion_transitions__ideal,latent_kinematic_truth,480,1,0.34902460682802,0.0250000000005457,0.690506152292788,1.396098427312,0.1,2.76202460916605
synthetic_canonical,ideal,same_information,constvel,independent_event_weighted,motion_transitions__ideal,latent_kinematic_truth,480,1,0.34902460682802,0.0250000000005457,0.690506152292788,1.396098427312,0.1,2.76202460916605
synthetic_canonical,ideal,causal_history,expanded_warm_mean_v1,pair_weighted,motion_transitions__ideal,latent_kinematic_truth,479,1,14.51698138057,13.8849216762618,17.3723855902725,1.37314770017705,0.152767000759334,2.75907218381403
synthetic_canonical,ideal,causal_history,expanded_warm_mean_v1,independent_event_weighted,motion_transitions__ideal,latent_kinematic_truth,479,1,14.5169813805699,13.8849216762618,17.3723855902725,1.37314770017705,0.152767000759334,2.75907218381403
synthetic_canonical,ideal,causal_history,constvel,pair_weighted,motion_transitions__ideal,latent_kinematic_truth,479,1,0.349388743188744,0.0250000000005457,0.690506152292832,1.3975549727549,0.1,2.76202460916605
synthetic_canonical,ideal,causal_history,constvel,independent_event_weighted,motion_transitions__ideal,latent_kinematic_truth,479,1,0.349388743188744,0.0250000000005457,0.690506152292832,1.3975549727549,0.1,2.76202460916605
synthetic_canonical,ideal,causal_history,constacc,pair_weighted,motion_transitions__ideal,latent_kinematic_truth,479,1,0.0455575413180858,0,0.010846333767979,0.182230165272749,0,0.0433853350651567
synthetic_canonical,ideal,causal_history,constacc,independent_event_weighted,motion_transitions__ideal,latent_kinematic_truth,479,1,0.0455575413180857,0,0.010846333767979,0.182230165272749,0,0.0433853350651567
synthetic_canonical,ideal,causal_history,constturn,pair_weighted,motion_transitions__ideal,latent_kinematic_truth,479,1,0.0897804743610851,0.0249999999996362,0.163785563830387,0.357285003297215,0.1,0.648633776081661
synthetic_canonical,ideal,causal_history,constturn,independent_event_weighted,motion_transitions__ideal,latent_kinematic_truth,479,1,0.089780474361085,0.0249999999996362,0.163785563830387,0.357285003297214,0.1,0.648633776081661
synthetic_canonical,empirical_timing,same_information,expanded_warm_mean_v1,pair_weighted,motion_transitions__empirical_timing,latent_kinematic_truth,166,1,54.7009076455808,13.8030049160427,36.4657978464937,7.31504509772979,0.286205176208865,10.9660208814048
synthetic_canonical,empirical_timing,same_information,expanded_warm_mean_v1,independent_event_weighted,motion_transitions__empirical_timing,latent_kinematic_truth,166,1,54.7009076455808,13.8030049160427,36.4657978464937,7.3150450977298,0.286205176208865,10.9660208814048
synthetic_canonical,empirical_timing,same_information,constvel,pair_weighted,motion_transitions__empirical_timing,latent_kinematic_truth,166,1,51.8050840925754,0.0250000000005457,14.4000000000005,7.50117977373207,0.1,11.0463947528387
synthetic_canonical,empirical_timing,same_information,constvel,independent_event_weighted,motion_transitions__empirical_timing,latent_kinematic_truth,166,1,51.8050840925754,0.0250000000005457,14.4000000000005,7.50117977373207,0.1,11.0463947528387
synthetic_canonical,empirical_timing,causal_history,expanded_warm_mean_v1,pair_weighted,motion_transitions__empirical_timing,latent_kinematic_truth,165,1,54.8649623462197,13.8487908814844,36.4657978464937,7.33711618118769,0.286205176208865,10.9660208814048
synthetic_canonical,empirical_timing,causal_history,expanded_warm_mean_v1,independent_event_weighted,motion_transitions__empirical_timing,latent_kinematic_truth,165,1,54.8649623462197,13.8487908814844,36.4657978464937,7.33711618118769,0.286205176208865,10.9660208814048
synthetic_canonical,empirical_timing,causal_history,constvel,pair_weighted,motion_transitions__empirical_timing,latent_kinematic_truth,165,1,51.9618320577268,0.0250000000005457,14.4000000000005,7.52387628482481,0.1,11.0463947528387
synthetic_canonical,empirical_timing,causal_history,constvel,independent_event_weighted,motion_transitions__empirical_timing,latent_kinematic_truth,165,1,51.9618320577268,0.0250000000005457,14.4000000000005,7.52387628482481,0.1,11.0463947528387
synthetic_canonical,empirical_timing,causal_history,constacc,pair_weighted,motion_transitions__empirical_timing,latent_kinematic_truth,165,1,39.5578847522159,9.09494701772928e-13,0.758926051519026,6.16987262295341,0,0.900000000000008
synthetic_canonical,empirical_timing,causal_history,constacc,independent_event_weighted,motion_transitions__empirical_timing,latent_kinematic_truth,165,1,39.5578847522159,9.09494701772928e-13,0.758926051519026,6.16987262295341,0,0.900000000000008
synthetic_canonical,empirical_timing,causal_history,constturn,pair_weighted,motion_transitions__empirical_timing,latent_kinematic_truth,165,1,38.8282498755387,0.0250000000005457,4.79254062562979,6.03352249453776,0.1,2.762024609166
synthetic_canonical,empirical_timing,causal_history,constturn,independent_event_weighted,motion_transitions__empirical_timing,latent_kinematic_truth,165,1,38.8282498755387,0.0250000000005457,4.79254062562979,6.03352249453775,0.1,2.762024609166
synthetic_canonical,degraded,same_information,expanded_warm_mean_v1,pair_weighted,motion_transitions__degraded,latent_kinematic_truth,127,1,91.3475633694066,62.5814382656334,110.2841946474,9.38634388161994,3.25619879621319,14.6818802016891
synthetic_canonical,degraded,same_information,expanded_warm_mean_v1,independent_event_weighted,motion_transitions__degraded,latent_kinematic_truth,127,1,91.3475633694067,62.5814382656334,110.2841946474,9.38634388161995,3.25619879621319,14.6818802016891
synthetic_canonical,degraded,same_information,constvel,pair_weighted,motion_transitions__degraded,latent_kinematic_truth,127,1,87.9597499350114,58.1989737411042,107.575378685713,9.61850038730869,3.25924057190915,16.6083351273475
synthetic_canonical,degraded,same_information,constvel,independent_event_weighted,motion_transitions__degraded,latent_kinematic_truth,127,1,87.9597499350115,58.1989737411042,107.575378685713,9.61850038730869,3.25924057190915,16.6083351273475
synthetic_canonical,degraded,causal_history,expanded_warm_mean_v1,pair_weighted,motion_transitions__degraded,latent_kinematic_truth,126,1,91.601815485598,62.5814382656334,110.2841946474,9.42312292359288,3.25619879621319,14.6818802016891
synthetic_canonical,degraded,causal_history,expanded_warm_mean_v1,independent_event_weighted,motion_transitions__degraded,latent_kinematic_truth,126,1,91.601815485598,62.5814382656334,110.2841946474,9.42312292359289,3.25619879621319,14.6818802016891
synthetic_canonical,degraded,causal_history,constvel,pair_weighted,motion_transitions__degraded,latent_kinematic_truth,126,1,88.1923144153638,58.1989737411042,107.575378685713,9.65625130288037,3.25924057190915,16.6083351273475
synthetic_canonical,degraded,causal_history,constvel,independent_event_weighted,motion_transitions__degraded,latent_kinematic_truth,126,1,88.1923144153638,58.1989737411042,107.575378685713,9.65625130288037,3.25924057190915,16.6083351273475
synthetic_canonical,degraded,causal_history,constacc,pair_weighted,motion_transitions__degraded,latent_kinematic_truth,126,1,117.581426354268,60.0432610001601,142.320575007582,18.0927440128585,6.39549458789825,30.1316481244863
synthetic_canonical,degraded,causal_history,constacc,independent_event_weighted,motion_transitions__degraded,latent_kinematic_truth,126,1,117.581426354268,60.0432610001601,142.320575007582,18.0927440128585,6.39549458789825,30.1316481244863
synthetic_canonical,degraded,causal_history,constturn,pair_weighted,motion_transitions__degraded,latent_kinematic_truth,126,1,98.443017027093,57.8592658383449,112.273977076161,12.45375100781,4.05865379880135,17.9146591733185
synthetic_canonical,degraded,causal_history,constturn,independent_event_weighted,motion_transitions__degraded,latent_kinematic_truth,126,1,98.443017027093,57.8592658383449,112.273977076161,12.45375100781,4.05865379880135,17.9146591733185
