modelID,split,groupDimension,groupName,weighting,sampleCount,eventCount,positionRMSEMeters,velocityRMSEMetersPerSecond,positionMedianErrorMeters,velocityMedianErrorMetersPerSecond,positionP95ErrorMeters,velocityP95ErrorMetersPerSecond
constvel,validation,all,all,pair_weighted,86420,873,27.2468667987479,4.47721461172659,5.7732887333837,0.178170458847655,20.2622214108869,2.30620244009225
constvel,validation,all,all,independent_event_weighted,86420,873,45.3360167665016,6.04781645244041,7.17079183093791,0.251886420950466,40.3376602430345,4.04632471038361
legacy_stage3a_v1,validation,all,all,pair_weighted,86420,873,213.136279907843,4.5341798752441,29.6354971315086,0.307594624858642,258.162971528096,2.68065990248915
legacy_stage3a_v1,validation,all,all,independent_event_weighted,86420,873,457.18911600924,6.23375674855989,58.2728719826626,0.479890565609386,967.637368677405,6.09853182402141
expanded_scratch_mean_v1,validation,all,all,pair_weighted,86420,873,30.9305368606828,4.44321097878313,9.59813457964584,0.27274943990403,31.3480515763167,2.44449477288149
expanded_scratch_mean_v1,validation,all,all,independent_event_weighted,86420,873,53.195043318821,5.98533132823544,12.5013293075004,0.388671041125111,68.2511638698372,5.10390533493141
expanded_warm_mean_v1,validation,all,all,pair_weighted,86420,873,30.6953834124648,4.45010678932905,9.55622315118172,0.239525860791107,30.0411595657635,2.39436474406523
expanded_warm_mean_v1,validation,all,all,independent_event_weighted,86420,873,51.9732982783189,5.99293280551591,12.4797796957798,0.335396592010138,67.6975298246087,4.71840306499927
constvel,validation,maneuver_class,mixed_or_sparse,pair_weighted,5564,3948,101.417859787834,15.1633345051135,10.2951531987892,1.56429572731772,77.6696420253991,14.9080342129432
constvel,validation,maneuver_class,mixed_or_sparse,independent_event_weighted,5564,3948,86.6899362144583,11.6902831903872,10.0205930428585,1.43200229338264,67.935900574071,11.9724819232215
legacy_stage3a_v1,validation,maneuver_class,mixed_or_sparse,pair_weighted,5564,3948,776.993746712818,15.3392742509401,167.450538247247,2.23759383850247,1755.20845308349,15.3781366757533
legacy_stage3a_v1,validation,maneuver_class,mixed_or_sparse,independent_event_weighted,5564,3948,766.867140885112,11.9498901783081,175.883436686104,2.04514539418932,1708.74254231787,13.6486538018408
expanded_scratch_mean_v1,validation,maneuver_class,mixed_or_sparse,pair_weighted,5564,3948,109.905205572524,14.9995697448031,22.1173317712062,1.91425364421335,134.913243718777,14.5752185770176
expanded_scratch_mean_v1,validation,maneuver_class,mixed_or_sparse,independent_event_weighted,5564,3948,97.6840891782534,11.5540656105862,22.1133545286115,1.72214877156607,125.130181220602,12.3525881899216
expanded_warm_mean_v1,validation,maneuver_class,mixed_or_sparse,pair_weighted,5564,3948,109.482964780686,15.0381358142592,20.4903396178887,1.85180295749129,135.598127321859,14.5487755680196
expanded_warm_mean_v1,validation,maneuver_class,mixed_or_sparse,independent_event_weighted,5564,3948,95.5175676245441,11.5823083230818,20.5134296239411,1.67830012329812,124.134869724117,12.2505808573313
constvel,validation,maneuver_class,constturn_like,pair_weighted,2084,1344,17.654710074531,14.1877468683288,5.48355207275995,2.17501454304409,15.3321796097607,7.16340927793928
constvel,validation,maneuver_class,constturn_like,independent_event_weighted,2084,1344,15.2922860391,12.5329760267614,5.31816511455856,1.88434483151744,15.0563267671302,6.28952955038453
legacy_stage3a_v1,validation,maneuver_class,constturn_like,pair_weighted,2084,1344,57.8647985345718,14.1748355236165,25.7382262112378,2.13519259467851,116.625410518851,7.21613545140257
legacy_stage3a_v1,validation,maneuver_class,constturn_like,independent_event_weighted,2084,1344,56.5065786036652,12.5255631971061,23.2255779918261,1.87827045880177,116.625410518851,6.15788043318013
expanded_scratch_mean_v1,validation,maneuver_class,constturn_like,pair_weighted,2084,1344,19.9719023197528,14.1378191814814,9.05504011764652,2.08230768806432,24.1602931738611,7.03701764727544
expanded_scratch_mean_v1,validation,maneuver_class,constturn_like,independent_event_weighted,2084,1344,17.4993097168605,12.491183048913,8.49493203464923,1.81966178068856,23.1118753107622,5.98241839765389
expanded_warm_mean_v1,validation,maneuver_class,constturn_like,pair_weighted,2084,1344,19.7423963173561,14.1609302559184,9.01942601955816,2.13572841498848,25.6423339855582,7.10430202014729
expanded_warm_mean_v1,validation,maneuver_class,constturn_like,independent_event_weighted,2084,1344,17.7612061576075,12.5097467749159,8.81201884809903,1.86726009304874,24.4330918525538,6.06794129692345
constvel,validation,maneuver_class,constvel_like,pair_weighted,61742,11900,9.1002956315804,0.493104342599797,5.69917461868715,0.0286269560545076,18.207412845606,0.672995408196268
constvel,validation,maneuver_class,constvel_like,independent_event_weighted,61742,11900,8.59489230540859,0.605257755025575,5.50754631669671,0.106017281406462,16.8128221617073,1.09425646498023
legacy_stage3a_v1,validation,maneuver_class,constvel_like,pair_weighted,61742,11900,78.601446429151,0.661818591238568,28.0620299031497,0.196676885650433,152.725548204931,1.36694397382042
legacy_stage3a_v1,validation,maneuver_class,constvel_like,independent_event_weighted,61742,11900,80.4737673186626,0.740701830085651,25.3350415024213,0.224071919213342,154.982303668902,1.50758083951502
expanded_scratch_mean_v1,validation,maneuver_class,constvel_like,pair_weighted,61742,11900,13.3658650964955,0.545783313433372,9.3846105410852,0.180879021600441,25.6232721822569,0.946700644231889
expanded_scratch_mean_v1,validation,maneuver_class,constvel_like,independent_event_weighted,61742,11900,13.1800752094503,0.647617627508331,9.05858856623776,0.213768006649467,25.2641385300822,1.19686654670825
expanded_warm_mean_v1,validation,maneuver_class,constvel_like,pair_weighted,61742,11900,13.1685773451705,0.520127836963899,9.30689873207409,0.151451531631157,25.2522214271707,0.838941000093579
expanded_warm_mean_v1,validation,maneuver_class,constvel_like,independent_event_weighted,61742,11900,12.9712187366783,0.621079615352731,9.18104613301621,0.174115318484499,24.6260071680556,1.13209433901856
constvel,validation,maneuver_class,constacc_like,pair_weighted,17030,9594,8.27368244680196,1.04254946164573,5.51766840209196,0.514444400000015,15.8513676635837,1.9202257671579
constvel,validation,maneuver_class,constacc_like,independent_event_weighted,17030,9594,8.64602994288552,1.05066527081291,5.6235752278215,0.514444399999992,16.7071385952272,1.87205175106843
legacy_stage3a_v1,validation,maneuver_class,constacc_like,pair_weighted,17030,9594,102.316692643266,1.12999287286344,28.0601072661108,0.567667783016939,232.806180824433,2.18535651203497
legacy_stage3a_v1,validation,maneuver_class,constacc_like,independent_event_weighted,17030,9594,112.099576876427,1.15369391448329,27.4983907882479,0.525351986316194,274.102976338821,2.2432251117919
expanded_scratch_mean_v1,validation,maneuver_class,constacc_like,pair_weighted,17030,9594,14.5558521438047,1.06591002541879,9.41959478418183,0.51938809625626,29.2419085297584,2.02099406618666
expanded_scratch_mean_v1,validation,maneuver_class,constacc_like,independent_event_weighted,17030,9594,15.200882236484,1.07513793368432,9.59023444300145,0.488796352534536,30.6043711713873,2.0245226952321
expanded_warm_mean_v1,validation,maneuver_class,constacc_like,pair_weighted,17030,9594,13.7366030715602,1.04307247911772,9.47699691293648,0.49857748204107,26.4481893244351,1.97540264883007
expanded_warm_mean_v1,validation,maneuver_class,constacc_like,independent_event_weighted,17030,9594,14.2059819538961,1.04874313634869,9.56220718087128,0.464416322305324,27.5133169920417,1.94983298748806
constvel,validation,vertical_status,climb,pair_weighted,30111,582,34.6889612368866,5.00028287433346,6.38754730308472,0.287455595037869,20.5254775983775,2.7068070046775
constvel,validation,vertical_status,climb,independent_event_weighted,30111,582,96.3037206864166,12.616162163618,6.2901999372307,0.448114315397786,32.9650395293005,5.08572746356916
legacy_stage3a_v1,validation,vertical_status,climb,pair_weighted,30111,582,280.858575196183,5.10619150840202,55.9596091125664,0.49002493375178,386.937959982833,3.47936892558879
legacy_stage3a_v1,validation,vertical_status,climb,independent_event_weighted,30111,582,466.200420170071,12.6690199242432,44.8674453072817,0.700360348066634,932.557081517105,7.8769105218242
expanded_scratch_mean_v1,validation,vertical_status,climb,pair_weighted,30111,582,38.4234515956093,4.9262560695173,10.5131031942236,0.347880898539189,36.4646203793524,2.92759463324126
expanded_scratch_mean_v1,validation,vertical_status,climb,independent_event_weighted,30111,582,97.9642505795642,12.4889860108748,10.7288422511248,0.517790640950588,66.0601091565764,5.44348927070024
expanded_warm_mean_v1,validation,vertical_status,climb,pair_weighted,30111,582,38.2094738363031,4.95039178484238,10.9157098276527,0.316638009199829,32.7392453522495,2.859402934226
expanded_warm_mean_v1,validation,vertical_status,climb,independent_event_weighted,30111,582,98.2752603940075,12.5001889190548,11.2465723970071,0.493395072265807,60.9872629261892,5.24771130440402
constvel,validation,vertical_status,level,pair_weighted,30984,825,18.295171144223,4.51166956484233,5.15450853515232,0.035488278827777,22.6032558508476,1.71527629566631
constvel,validation,vertical_status,level,independent_event_weighted,30984,825,26.1163342485023,5.78356170247696,5.46025917211968,0.32512,29.1839002963043,4.03928323826144
legacy_stage3a_v1,validation,vertical_status,level,pair_weighted,30984,825,187.094409851981,4.55516827888367,23.7727178534174,0.233153415611924,225.600370461754,2.09173195963536
legacy_stage3a_v1,validation,vertical_status,level,independent_event_weighted,30984,825,284.96606156562,5.85496190886466,27.8543144309715,0.476745600073002,434.785126604799,4.40236288587951
expanded_scratch_mean_v1,validation,vertical_status,level,pair_weighted,30984,825,21.9575995959239,4.51273172184138,8.82022010052727,0.21132099151408,30.1454497879987,1.90363121918564
expanded_scratch_mean_v1,validation,vertical_status,level,independent_event_weighted,30984,825,32.4755917291856,5.78735028101966,9.42126141938561,0.425229836716085,41.8518784504861,4.21298693138359
expanded_warm_mean_v1,validation,vertical_status,level,pair_weighted,30984,825,21.44442938267,4.50704590652846,8.94503143839325,0.167601380539718,29.8484826881786,1.83113861184034
expanded_warm_mean_v1,validation,vertical_status,level,independent_event_weighted,30984,825,30.8215640720337,5.78225172560443,9.6969609587526,0.372319256247944,44.350765045226,4.11203550215903
constvel,validation,vertical_status,descent,pair_weighted,25325,435,26.3273107525795,3.71110402032488,5.68054392025041,0.188465958870409,16.0821988839277,2.27572473213639
constvel,validation,vertical_status,descent,independent_event_weighted,25325,435,40.196389881233,4.00326332741925,6.07045780921892,0.386911661780071,29.5944903978679,4.05563954817083
legacy_stage3a_v1,validation,vertical_status,descent,pair_weighted,25325,435,135.654152785458,3.71064051086591,16.5261704885717,0.214644263998048,153.446942731938,2.33777777433148
legacy_stage3a_v1,validation,vertical_status,descent,independent_event_weighted,25325,435,273.71290709806,4.01692871921967,28.3671113728968,0.427328065150507,444.201249695697,4.28950432790584
expanded_scratch_mean_v1,validation,vertical_status,descent,pair_weighted,25325,435,30.3221389445721,3.68770688432446,9.48278825591916,0.257450651858184,27.9866017494497,2.41143535159617
expanded_scratch_mean_v1,validation,vertical_status,descent,independent_event_weighted,25325,435,54.0402082626274,4.24562928691503,10.2280117574274,0.53645054519312,61.0262723141217,4.9782320039117
expanded_warm_mean_v1,validation,vertical_status,descent,pair_weighted,25325,435,30.2774965627106,3.68615928639115,8.91286999090847,0.23809296431441,26.1457285803299,2.34749200787842
expanded_warm_mean_v1,validation,vertical_status,descent,independent_event_weighted,25325,435,54.3806803621125,4.09688522122983,10.5914173814789,0.444848990134046,57.3066232771615,4.59898537204767
constvel,validation,update_regime,sparse_update,pair_weighted,3014,2280,133.413653783753,15.7262363162169,19.0065206419825,1.07676414956882,125.886113624394,19.9166936785057
constvel,validation,update_regime,sparse_update,independent_event_weighted,3014,2280,126.348553635189,15.6055601216738,18.1911951856495,1.07966894084098,117.567135817163,19.9984737249097
legacy_stage3a_v1,validation,update_regime,sparse_update,pair_weighted,3014,2280,1052.95537274046,16.0168637539772,625.147724189106,2.70319035280906,2242.34289066067,20.4664451125822
legacy_stage3a_v1,validation,update_regime,sparse_update,independent_event_weighted,3014,2280,1012.96708771801,15.9117993998739,610.599482295806,2.68120313155224,2156.68802131388,20.4664451125822
expanded_scratch_mean_v1,validation,update_regime,sparse_update,pair_weighted,3014,2280,144.857356980164,15.5217044945003,43.973787197478,1.94689865741434,182.43504981391,19.3509921007853
expanded_scratch_mean_v1,validation,update_regime,sparse_update,independent_event_weighted,3014,2280,138.190297508886,15.3681198086571,42.8328761457532,1.89939611983694,177.620723246595,19.3374174786572
expanded_warm_mean_v1,validation,update_regime,sparse_update,pair_weighted,3014,2280,144.482475263213,15.5570010669265,42.590457532468,1.77750756216454,187.339279900369,19.4798064797322
expanded_warm_mean_v1,validation,update_regime,sparse_update,independent_event_weighted,3014,2280,136.395487031103,15.4315115883411,41.1490918186299,1.75715200136194,178.032025389006,19.3150360522709
constvel,validation,update_regime,regular_update,pair_weighted,83406,2737,11.2257952051793,3.43987570551553,5.6476252541316,0.167057961724198,17.8409323767393,1.97015469833765
constvel,validation,update_regime,regular_update,independent_event_weighted,83406,2737,20.6427634764975,5.5136454400491,6.81346761703618,0.211295913980456,22.4763339937157,3.2834089549247
legacy_stage3a_v1,validation,update_regime,regular_update,pair_weighted,83406,2737,83.6873991130885,3.46861029384156,27.8776103634398,0.294742832347505,165.94219820433,2.16067802369261
legacy_stage3a_v1,validation,update_regime,regular_update,independent_event_weighted,83406,2737,148.727239399868,5.56616173163814,51.9757026081344,0.425414377015127,350.483779231633,3.67544908296693
expanded_scratch_mean_v1,validation,update_regime,regular_update,pair_weighted,83406,2737,15.2641489872565,3.42774157267043,9.3690048451247,0.260960253606129,26.463743574775,1.99882612735937
expanded_scratch_mean_v1,validation,update_regime,regular_update,independent_event_weighted,83406,2737,25.5609458072583,5.49666450974519,11.8777772839165,0.349602235551168,37.0547220895917,3.31575652929061
expanded_warm_mean_v1,validation,update_regime,regular_update,pair_weighted,83406,2737,14.8962640748813,3.43122636152329,9.32738663412579,0.226796675217886,25.5935633457019,1.98012070396063
expanded_warm_mean_v1,validation,update_regime,regular_update,independent_event_weighted,83406,2737,24.3372997184975,5.50110615256256,11.6865099692715,0.306641785492968,33.5941350558047,3.30866145781989
constvel,test,all,all,pair_weighted,93524,887,23.3028475375455,3.46727539825498,6.00390446870277,0.174698457107171,19.8956943606147,2.22256722451447
constvel,test,all,all,independent_event_weighted,93524,887,64.6508509152453,9.47360145715455,7.2094846503425,0.262177968913301,36.925438664199,4.54168293397476
legacy_stage3a_v1,test,all,all,pair_weighted,93524,887,208.971758301186,3.54669301065397,30.5697819910426,0.300211641138478,247.870704693958,2.5786389515314
legacy_stage3a_v1,test,all,all,independent_event_weighted,93524,887,422.410616541091,9.6450322081057,58.9732843426549,0.491480185002001,864.750487963341,5.72621232990892
expanded_scratch_mean_v1,test,all,all,pair_weighted,93524,887,28.1494217344068,3.45291741951523,9.97796214932602,0.261782983355587,30.7352869112706,2.35102396110123
expanded_scratch_mean_v1,test,all,all,independent_event_weighted,93524,887,71.8749596856546,9.45297727228141,12.7920712201056,0.386412911423831,77.0871381050048,5.40382790030151
expanded_warm_mean_v1,test,all,all,pair_weighted,93524,887,27.4690773431171,3.45315587868118,9.9509809515892,0.232783306165708,29.2569631946229,2.32991836288914
expanded_warm_mean_v1,test,all,all,independent_event_weighted,93524,887,69.760305529532,9.42726397468772,12.4395418599678,0.347828193097041,67.2706626110297,5.15502502233835
constvel,test,maneuver_class,constacc_like,pair_weighted,18028,10415,8.57942301173436,1.02702341133543,5.68495624343711,0.514444400000002,16.4310693083427,1.98051333497789
constvel,test,maneuver_class,constacc_like,independent_event_weighted,18028,10415,8.84326119435872,1.02601949676374,5.83957518861266,0.514444399999976,17.0158429744153,1.86465218297012
legacy_stage3a_v1,test,maneuver_class,constacc_like,pair_weighted,18028,10415,104.214708449183,1.12232205068258,28.4698156268509,0.535957338736235,231.008580588078,2.24018799838576
legacy_stage3a_v1,test,maneuver_class,constacc_like,independent_event_weighted,18028,10415,114.333221298511,1.12760053396352,28.0878829222102,0.511766822071434,272.697430618548,2.21422770127637
expanded_scratch_mean_v1,test,maneuver_class,constacc_like,pair_weighted,18028,10415,14.903418255269,1.05333181438521,9.79361849899752,0.495606619891154,29.0675969324049,2.0585128982565
expanded_scratch_mean_v1,test,maneuver_class,constacc_like,independent_event_weighted,18028,10415,15.4359398361642,1.04419184646677,10.0041747163435,0.467137884511321,30.1626367210832,1.98721394525126
expanded_warm_mean_v1,test,maneuver_class,constacc_like,pair_weighted,18028,10415,14.1755211608612,1.02796751585122,10.0283154752282,0.474243046092372,26.2034278506191,2.04622370995099
expanded_warm_mean_v1,test,maneuver_class,constacc_like,independent_event_weighted,18028,10415,14.4945467776706,1.02051085790376,10.069296813133,0.443376412610031,27.1218846919525,1.98032141146813
constvel,test,maneuver_class,constvel_like,pair_weighted,68020,12537,9.2243763830992,0.485274570947408,5.9381042481098,0.040481869758068,18.0116178100412,0.604609198983721
constvel,test,maneuver_class,constvel_like,independent_event_weighted,68020,12537,9.04170574705572,0.578084537492977,5.70189340444694,0.116040307486664,16.9719871448461,1.0154717039172
legacy_stage3a_v1,test,maneuver_class,constvel_like,pair_weighted,68020,12537,79.0132989493832,0.631854865980322,29.7349163507013,0.207962929255683,157.774084859867,1.28355075855835
legacy_stage3a_v1,test,maneuver_class,constvel_like,independent_event_weighted,68020,12537,81.273418605569,0.703174020713362,26.268500247005,0.226184619641606,160.970743282354,1.41491006719976
expanded_scratch_mean_v1,test,maneuver_class,constvel_like,pair_weighted,68020,12537,13.6512788361336,0.535705208391593,9.78988570018678,0.177406975811477,25.7796513459956,0.884144035010486
expanded_scratch_mean_v1,test,maneuver_class,constvel_like,independent_event_weighted,68020,12537,13.7658921811704,0.626648898976025,9.49658509788239,0.204976480136517,25.7796513459956,1.14212351208775
expanded_warm_mean_v1,test,maneuver_class,constvel_like,pair_weighted,68020,12537,13.3909476527625,0.51622599998756,9.66530105028399,0.153285156573182,24.8804999416798,0.793414549835811
expanded_warm_mean_v1,test,maneuver_class,constvel_like,independent_event_weighted,68020,12537,13.4474792512544,0.599860402385771,9.56667456768087,0.173679696959068,24.2618547802307,1.08908837551125
constvel,test,maneuver_class,constturn_like,pair_weighted,2186,1254,14.3925304134183,15.2968668250026,6.09773403281078,2.35186507256622,20.5764070174217,8.15953312651948
constvel,test,maneuver_class,constturn_like,independent_event_weighted,2186,1254,11.3529875842358,10.6051679644889,5.73863011488854,1.99570951500602,17.5850775456569,6.17129885161001
legacy_stage3a_v1,test,maneuver_class,constturn_like,pair_weighted,2186,1254,62.3572459086028,15.3034526683288,28.3816236334007,2.3185403344133,136.402426405561,8.12017198079984
legacy_stage3a_v1,test,maneuver_class,constturn_like,independent_event_weighted,2186,1254,55.3985820732557,10.6060559105741,25.253663025608,1.98174948741744,114.222621799165,6.27279301801753
expanded_scratch_mean_v1,test,maneuver_class,constturn_like,pair_weighted,2186,1254,17.5476945243231,15.2607261470403,9.39435298925397,2.2422229510351,28.2980538692595,7.93258513243044
expanded_scratch_mean_v1,test,maneuver_class,constturn_like,independent_event_weighted,2186,1254,14.6267088668464,10.5805430424694,8.6894857120995,1.92036642570883,25.6304224916057,6.18975806832382
expanded_warm_mean_v1,test,maneuver_class,constturn_like,pair_weighted,2186,1254,17.4819404370708,15.2752228974515,9.49220247299112,2.2920938290474,27.0357392175397,8.03322922506867
expanded_warm_mean_v1,test,maneuver_class,constturn_like,independent_event_weighted,2186,1254,14.5934845368355,10.5873760680899,8.91944282714959,1.97766142451458,24.1061132295106,6.27792033720062
constvel,test,maneuver_class,mixed_or_sparse,pair_weighted,5290,3909,90.3867939160068,10.4510794829411,10.6789417888851,1.62004537850603,73.3699812675861,12.5512940151583
constvel,test,maneuver_class,mixed_or_sparse,independent_event_weighted,5290,3909,89.3796197430082,8.56695939027052,10.8446696142616,1.5260086219569,69.0764854218367,10.8286825682922
legacy_stage3a_v1,test,maneuver_class,mixed_or_sparse,pair_weighted,5290,3909,808.177160751441,10.7789708890286,197.256523376603,2.26335052466602,1734.61913802326,13.9094062015914
legacy_stage3a_v1,test,maneuver_class,mixed_or_sparse,independent_event_weighted,5290,3909,818.93832450634,8.98199255525437,234.782916653881,2.16133334657568,1757.75104345187,12.9685988427698
expanded_scratch_mean_v1,test,maneuver_class,mixed_or_sparse,pair_weighted,5290,3909,103.578775035614,10.3477644173632,23.9096930749537,1.97432692784558,147.663535286876,13.1103048331076
expanded_scratch_mean_v1,test,maneuver_class,mixed_or_sparse,independent_event_weighted,5290,3909,103.33868241152,8.48066196041557,25.2226950039699,1.8597729886345,143.42696927096,11.3666721625744
expanded_warm_mean_v1,test,maneuver_class,mixed_or_sparse,pair_weighted,5290,3909,101.109771874286,10.3617469230133,22.7050807084125,1.9422640986976,141.853404317564,12.7592653400476
expanded_warm_mean_v1,test,maneuver_class,mixed_or_sparse,independent_event_weighted,5290,3909,101.244813565431,8.48891382734422,23.4118043450591,1.84133448403765,138.9023627871,11.191052597841
constvel,test,vertical_status,level,pair_weighted,29576,769,27.1825648326731,3.39063119197553,5.27938098302862,0.0562932324658953,20.9058953588594,1.6661329277024
constvel,test,vertical_status,level,independent_event_weighted,29576,769,52.0946658652452,4.66728968598735,5.50190079147827,0.32512,28.879465972647,4.14444702832107
legacy_stage3a_v1,test,vertical_status,level,pair_weighted,29576,769,191.907505709271,3.4428678699085,27.1406008209187,0.25613072880233,230.272697765479,1.96709330050097
legacy_stage3a_v1,test,vertical_status,level,independent_event_weighted,29576,769,297.976120439825,4.79054408962027,31.7363217683144,0.476459781381174,611.350339114823,4.66070475766484
expanded_scratch_mean_v1,test,vertical_status,level,pair_weighted,29576,769,30.8223771802439,3.38670263875931,9.37013363131943,0.207581920267931,29.5139349359372,1.81957125132399
expanded_scratch_mean_v1,test,vertical_status,level,independent_event_weighted,29576,769,58.8708798790146,4.67381823453432,9.86760484573402,0.435211331692127,55.3324894947452,4.56991767401375
expanded_warm_mean_v1,test,vertical_status,level,pair_weighted,29576,769,29.9101205231559,3.39249213625677,9.48318152781896,0.172258743047096,28.5846142661245,1.80319841466887
expanded_warm_mean_v1,test,vertical_status,level,independent_event_weighted,29576,769,56.7660901177439,4.68490057498962,10.8019159543248,0.394590366829701,45.6066567123184,4.54846582694055
constvel,test,vertical_status,climb,pair_weighted,30741,557,22.9329909599857,4.59029978739066,6.27163171012462,0.26583725941982,19.7451363534417,2.55089070272096
constvel,test,vertical_status,climb,independent_event_weighted,30741,557,51.4183537857583,10.8874353516796,6.80275844029102,0.42361729813614,32.80066688162,5.03895325422336
legacy_stage3a_v1,test,vertical_status,climb,pair_weighted,30741,557,267.965080640966,4.7310037753837,51.8516793151012,0.447142131443286,343.691038691193,3.24196342199814
legacy_stage3a_v1,test,vertical_status,climb,independent_event_weighted,30741,557,429.162935977284,11.0892077805495,54.4351625560488,0.759509137445893,851.215079743412,6.8183491531129
expanded_scratch_mean_v1,test,vertical_status,climb,pair_weighted,30741,557,28.3436886116126,4.53718634465655,10.4044024556145,0.317975009007903,33.8683167541817,2.71731610679439
expanded_scratch_mean_v1,test,vertical_status,climb,independent_event_weighted,30741,557,59.8552160882236,10.8823058260498,11.565552902789,0.522113411000335,76.1867313374376,5.63172376622739
expanded_warm_mean_v1,test,vertical_status,climb,pair_weighted,30741,557,26.9942307252045,4.54997524556302,10.5284733497012,0.295072036223046,31.3635542546035,2.68070905872881
expanded_warm_mean_v1,test,vertical_status,climb,independent_event_weighted,30741,557,55.6284821722111,10.8280467476358,11.4818879751784,0.511631263437103,58.9923296140815,5.65765746898988
constvel,test,vertical_status,descent,pair_weighted,33207,488,19.6061593009004,2.02812020081763,6.22448786845769,0.179741149739436,19.149391203716,2.30737620471381
constvel,test,vertical_status,descent,independent_event_weighted,33207,488,48.2476340211632,4.83342733737389,6.35071138679302,0.372533298194547,35.5425890587867,5.72121084890293
legacy_stage3a_v1,test,vertical_status,descent,pair_weighted,33207,488,153.997551892148,2.03715973826972,17.7631091644864,0.225422996445861,173.873066660926,2.32278959763988
legacy_stage3a_v1,test,vertical_status,descent,independent_event_weighted,33207,488,288.102169151551,4.84089304282761,29.7701890564688,0.416365740808375,651.386855343787,5.75225694899337
expanded_scratch_mean_v1,test,vertical_status,descent,pair_weighted,33207,488,25.3345034051126,2.07507574032738,10.1374542971559,0.248561252007523,29.4808330387098,2.47019078609116
expanded_scratch_mean_v1,test,vertical_status,descent,independent_event_weighted,33207,488,52.5167013852787,4.83348364279753,11.3199913209382,0.470333825251265,68.2379700172313,6.34066139632974
expanded_warm_mean_v1,test,vertical_status,descent,pair_weighted,33207,488,25.5683717871165,2.04157691904543,9.85243886897023,0.230037601209754,27.4664558436666,2.41075443168121
expanded_warm_mean_v1,test,vertical_status,descent,independent_event_weighted,33207,488,57.0906653195184,4.80513748387529,11.9365699623601,0.422052057198778,69.541299436012,5.8866103518667
constvel,test,update_regime,regular_update,pair_weighted,90575,2768,9.4810733211344,2.73763281414285,5.88013230939677,0.164174656675342,17.8504767922218,1.90747567440315
constvel,test,update_regime,regular_update,independent_event_weighted,90575,2768,14.1709542239536,3.83569157619681,6.74366190821752,0.218270716745416,21.6172386126918,3.29808694625725
legacy_stage3a_v1,test,update_regime,regular_update,pair_weighted,90575,2768,83.9417611109969,2.76889638514139,29.2646748859633,0.289116750162161,168.635812424278,2.08962970104951
legacy_stage3a_v1,test,update_regime,regular_update,independent_event_weighted,90575,2768,151.119563036228,3.90578600209777,54.1051848032792,0.414918462730682,358.862916366576,3.65299580522985
expanded_scratch_mean_v1,test,update_regime,regular_update,pair_weighted,90575,2768,14.1672642044853,2.7353953246658,9.75684469442524,0.2502597235716,26.589515967682,1.91992974024591
expanded_scratch_mean_v1,test,update_regime,regular_update,independent_event_weighted,90575,2768,20.8202120707605,3.83324122286332,11.8556381390964,0.353324784973759,37.1848751633331,3.28883225000046
expanded_warm_mean_v1,test,update_regime,regular_update,pair_weighted,90575,2768,13.8207220169481,2.73473994716059,9.71912399477488,0.221263027154832,25.2984967828778,1.93291230418619
expanded_warm_mean_v1,test,update_regime,regular_update,independent_event_weighted,90575,2768,19.2745151326332,3.82591754922896,11.6370853720852,0.312019343953322,32.2891309224757,3.27031240875678
constvel,test,update_regime,sparse_update,pair_weighted,2949,2345,120.251517394736,12.291240609213,18.5218533335339,1.13751145839433,123.24390409665,18.5352299682539
constvel,test,update_regime,sparse_update,independent_event_weighted,2949,2345,120.003542691796,11.1435354525238,18.2725551106086,1.1552127936043,122.135454568849,19.8384970027847
legacy_stage3a_v1,test,update_regime,sparse_update,pair_weighted,2949,2345,1080.97179374082,12.7848629675786,641.305937484782,2.71952135809391,2268.36607413212,19.8554755769042
legacy_stage3a_v1,test,update_regime,sparse_update,independent_event_weighted,2949,2345,1059.98093207445,11.6743046737349,628.118371715867,2.72420158242556,2204.3406433169,20.2712409412595
expanded_scratch_mean_v1,test,update_regime,sparse_update,pair_weighted,2949,2345,137.713789931026,12.1778335262633,45.9296696974887,2.05331160830714,194.960152426857,18.3452452382147
expanded_scratch_mean_v1,test,update_regime,sparse_update,independent_event_weighted,2949,2345,137.241219320117,10.9463119233204,44.852205786912,2.02526275942793,190.486209461372,19.3471049427299
expanded_warm_mean_v1,test,update_regime,sparse_update,pair_weighted,2949,2345,134.398436918342,12.1844969240576,44.6918166342082,1.97442824545626,191.182497198103,18.4883349737053
expanded_warm_mean_v1,test,update_regime,sparse_update,independent_event_weighted,2949,2345,134.782075534224,11.0025639416049,43.6593220522746,1.9735095095788,187.285173747077,18.9796250335567
constacc,validation,native_maneuver_baseline,constacc_like,pair_weighted,16896,9525,8.26459594357793,1.23264300779484,5.48227358416741,0.413690554212567,15.681095856004,2.02036193264086
constacc,validation,native_maneuver_baseline,constacc_like,independent_event_weighted,16896,9525,8.67049084770619,1.37917484074226,5.59555242883056,0.448678067912674,16.4972871153423,2.08769533056089
constvel,validation,native_maneuver_baseline,constacc_like,pair_weighted,16896,9525,8.25806486243876,1.03409923751855,5.50687381644569,0.514444400000012,15.8234092895951,1.89283324800041
constvel,validation,native_maneuver_baseline,constacc_like,independent_event_weighted,16896,9525,8.62524367526663,1.04341417753018,5.61261828313969,0.51444439999999,16.697196111136,1.84297060577336
legacy_stage3a_v1,validation,native_maneuver_baseline,constacc_like,pair_weighted,16896,9525,101.380323752446,1.12059529875914,27.8632523997614,0.565169965495904,228.080538702779,2.16470631568833
legacy_stage3a_v1,validation,native_maneuver_baseline,constacc_like,independent_event_weighted,16896,9525,111.00750307048,1.14618648375249,27.1689292040132,0.52316007165267,270.060688402287,2.20628867596952
expanded_scratch_mean_v1,validation,native_maneuver_baseline,constacc_like,pair_weighted,16896,9525,14.4667288728285,1.05451262222253,9.39795232044337,0.517613657546877,29.0426654124807,1.99846753904506
expanded_scratch_mean_v1,validation,native_maneuver_baseline,constacc_like,independent_event_weighted,16896,9525,15.0899046007212,1.06478259353742,9.55889052678846,0.486916868019623,30.3506873497569,2.00300676706363
expanded_warm_mean_v1,validation,native_maneuver_baseline,constacc_like,pair_weighted,16896,9525,13.6708226298119,1.03272280875285,9.45008612488435,0.495741578973285,26.2565640309729,1.94756754777501
expanded_warm_mean_v1,validation,native_maneuver_baseline,constacc_like,independent_event_weighted,16896,9525,14.1274146606849,1.03978838870294,9.51702386979525,0.461943715135883,27.2329092996943,1.9200322916484
constturn,validation,native_maneuver_baseline,constturn_like,pair_weighted,2075,1338,19.7592057311918,13.3570011652956,5.12862791043111,0.850991434597993,14.132886532305,3.47222535328439
constturn,validation,native_maneuver_baseline,constturn_like,independent_event_weighted,2075,1338,18.5800743378808,12.4469452500205,5.03453227793541,0.948641855309242,14.1606791400917,3.40652812541917
constvel,validation,native_maneuver_baseline,constturn_like,pair_weighted,2075,1338,17.6823643961921,14.215909850769,5.48058349086203,2.17205862688633,15.3321796097607,7.23628381484835
constvel,validation,native_maneuver_baseline,constturn_like,independent_event_weighted,2075,1338,15.3100855955319,12.5580037973376,5.30910068113118,1.87362633827018,15.0125877610094,6.28200461859239
legacy_stage3a_v1,validation,native_maneuver_baseline,constturn_like,pair_weighted,2075,1338,57.8014695694531,14.2028989049285,25.7055981129026,2.12966578252088,116.625410518851,7.29525080994381
legacy_stage3a_v1,validation,native_maneuver_baseline,constturn_like,independent_event_weighted,2075,1338,56.3725418130262,12.5505507757186,23.031232889237,1.87119321532454,116.449790184124,6.15788043318013
expanded_scratch_mean_v1,validation,native_maneuver_baseline,constturn_like,pair_weighted,2075,1338,19.9935000427594,14.1657126553797,9.04516922416443,2.07566372585393,24.1602931738611,7.05584011214806
expanded_scratch_mean_v1,validation,native_maneuver_baseline,constturn_like,independent_event_weighted,2075,1338,17.5057695609977,12.5158513950829,8.46550978703554,1.80730112633065,23.0362983128025,5.95425108329317
expanded_warm_mean_v1,validation,native_maneuver_baseline,constturn_like,pair_weighted,2075,1338,19.7559696400489,14.1889852607754,9.0110814069996,2.12921474085662,25.6861550334476,7.24428303267976
expanded_warm_mean_v1,validation,native_maneuver_baseline,constturn_like,independent_event_weighted,2075,1338,17.7607269944906,12.5346493170032,8.80511187760253,1.85125418943685,24.2344310467832,6.02594993226831
constacc,test,native_maneuver_baseline,constacc_like,pair_weighted,17890,10340,8.52405122790102,1.10438524284866,5.67800742325478,0.397253282644802,16.388371424024,2.08363732104104
constacc,test,native_maneuver_baseline,constacc_like,independent_event_weighted,17890,10340,8.76875149847846,1.14205403294733,5.82291639690045,0.422376307274828,16.8988240956009,2.09644101953286
constvel,test,native_maneuver_baseline,constacc_like,pair_weighted,17890,10340,8.55141941688976,1.01298182575242,5.67739559058515,0.514444400000001,16.388371424024,1.95380069223122
constvel,test,native_maneuver_baseline,constacc_like,independent_event_weighted,17890,10340,8.8031678495611,1.00917725243274,5.82906612584777,0.514217611685255,16.9238048257504,1.82000863562053
legacy_stage3a_v1,test,native_maneuver_baseline,constacc_like,pair_weighted,17890,10340,102.924440921856,1.10862883208674,28.2547569723829,0.533356271883392,225.275279443367,2.21911245512498
legacy_stage3a_v1,test,native_maneuver_baseline,constacc_like,independent_event_weighted,17890,10340,112.902276871505,1.11225545744118,27.8999022562937,0.509994672696723,268.272931749035,2.1867633458695
expanded_scratch_mean_v1,test,native_maneuver_baseline,constacc_like,pair_weighted,17890,10340,14.7760720791395,1.03892493718614,9.76499692690045,0.493620570521413,28.8455812956009,2.03457106111519
expanded_scratch_mean_v1,test,native_maneuver_baseline,constacc_like,independent_event_weighted,17890,10340,15.270962967025,1.02856764202098,9.97168268360076,0.465883930859614,29.9429022426357,1.94992388634492
expanded_warm_mean_v1,test,native_maneuver_baseline,constacc_like,pair_weighted,17890,10340,14.1253303227151,1.01380797009576,9.99853410918682,0.472017415282759,26.1124186743498,2.0101550749466
expanded_warm_mean_v1,test,native_maneuver_baseline,constacc_like,independent_event_weighted,17890,10340,14.4394311797467,1.00479246638705,10.0372645638847,0.441104865719186,26.993384578633,1.94779276215811
constturn,test,native_maneuver_baseline,constturn_like,pair_weighted,2164,1242,16.0231510542683,17.2197405305927,5.58595812496424,0.783318206214551,16.4827827550772,3.70282994452239
constturn,test,native_maneuver_baseline,constturn_like,independent_event_weighted,2164,1242,11.7033753630797,11.5248124606805,5.44648107254148,0.922757581116157,15.6052879406093,3.40433469646668
constvel,test,native_maneuver_baseline,constturn_like,pair_weighted,2164,1242,14.3884311006153,15.3699509502527,6.09045833011384,2.3433384655506,20.4480501362673,8.17714555514016
constvel,test,native_maneuver_baseline,constturn_like,independent_event_weighted,2164,1242,11.2935544409897,10.6522358569396,5.73988337109617,1.99570951500602,17.5180362711032,6.17129885161001
legacy_stage3a_v1,test,native_maneuver_baseline,constturn_like,pair_weighted,2164,1242,62.1140364363503,15.3764445266467,28.2694610507993,2.30964628173007,135.305506453834,8.21166854991923
legacy_stage3a_v1,test,native_maneuver_baseline,constturn_like,independent_event_weighted,2164,1242,55.3609150841907,10.6530802815251,25.2223815987876,1.98174948741744,114.222621799165,6.28698602997807
expanded_scratch_mean_v1,test,native_maneuver_baseline,constturn_like,pair_weighted,2164,1242,17.5225428817039,15.3328435947985,9.3678665932145,2.24063889035154,28.0962103706507,7.93258513243044
expanded_scratch_mean_v1,test,native_maneuver_baseline,constturn_like,independent_event_weighted,2164,1242,14.618557402164,10.6259139015708,8.6894857120995,1.92036642570883,25.6304224916057,6.06128105162917
expanded_warm_mean_v1,test,native_maneuver_baseline,constturn_like,pair_weighted,2164,1242,17.4604537035622,15.3479788502216,9.49060621917982,2.28906592833038,26.7067736776859,8.03322922506867
expanded_warm_mean_v1,test,native_maneuver_baseline,constturn_like,independent_event_weighted,2164,1242,14.5194470180563,10.6338078692356,8.90738455781273,1.97766142451458,24.1004877995458,6.24063324256845
