VisualID,EngineeringQuestion,OwnerReport,ExistingVisualTitle,ExistingVisualPath,OriginalSource,QuestionAnswered,ImportantMetric,DecisionRelevance,Readability,HistoricalOrCurrent,MainStorySuitability,TechnicalReferenceSuitability,MissingVisual,CandidateSource,RecommendedAction,Priority,Notes
VIS-01,Candidate tower provenance,"01A","Saved RabbitEars/parser and tower-list provenance",01A source inventory and report-local assets,"Saved RabbitEars page and parser",Candidate tower provenance,"Tower/channel fields",Trace tower screening inputs,Strong,Historical,Yes,Yes,,,Bundle source navigation,P1,Original or source-backed only; no decorative replacement recommended.
VIS-02,Tower and receiver geography,"01A","Candidate transmitter and receiver-site maps",01A_IlluminatorSelection_assets,"Original LinkBudget sources",Tower and receiver geography,"Candidate geometry",Select historical cases for analysis,Strong,Historical,Yes,Yes,,,Bundle retained original maps,P1,Original or source-backed only; no decorative replacement recommended.
VIS-03,Local Site Viewer geometry,"01A","Apple Hill building-footprint geometry",01A_IlluminatorSelection_assets/apple_hill_building_geometry_aoi.png,"Original embedded Live Script output",Local Site Viewer geometry,"No measured power",Retain geometry limitation,Strong,Historical,Technical reference,Yes,Original 3-D ray-path capture,Unrecovered original only,Record known gap; do not recreate,P2,Original or source-backed only; no decorative replacement recommended.
VIS-04,RF Budget Analyzer model,"01B","Recovered RF Budget Analyzer system model",01B_ReceiveChainDesign_assets/rf_budget_analyzer_system_model.png,"LinkBudgetProgress.pptx slide 30",RF Budget Analyzer model,"Stage gain/NF/OIP3",Explain model origin,Strong,Historical,Yes,Yes,,,Bundle original recovered image,P1,Original or source-backed only; no decorative replacement recommended.
VIS-05,Designed system architecture,"01B","Recovered parking-lot designed architecture",01B_ReceiveChainDesign_assets/parking_lot_designed_architecture.png,"MountingDiagramParkingLot.pptx slide 4",Designed system architecture,"Component layout",Explain design translation,Strong,Historical,Yes,Yes,,,Bundle original recovered image,P1,Original or source-backed only; no decorative replacement recommended.
VIS-06,Modeled versus installed hardware,"01B","Cascade and enclosure evidence",01B_ReceiveChainDesign_assets,"Historical RF-budget code and enclosure evidence",Modeled versus installed hardware,"Loss/headroom values",Separate model from installed qualification,Strong,Historical,Yes,Yes,,,Bundle retained originals,P2,Original or source-backed only; no decorative replacement recommended.
VIS-07,Physical deployment,"02","Deployment and receiver photographs",02_HardwareAndCollection_V4.html and HardwarePhotos,"Original deployment photographs",Physical deployment,"Physical presence only",Document infrastructure,Strong,Current infrastructure,Yes,Yes,,,Bundle local media,P1,Original or source-backed only; no decorative replacement recommended.
VIS-08,Collection package anatomy,"02","Manifest, package, and replay evidence",02_HardwareAndCollection_V4.html package/manifests,"Original manifests and replay artifacts",Collection package anatomy,"15 packages",Retain replay provenance,Strong,Current infrastructure,Technical reference,Yes,,,Bundle inventories and manifests,P2,Original or source-backed only; no decorative replacement recommended.
VIS-09,Timing and truth workflow,"02","ADS-B/GPS and truth-separation workflow",02_HardwareAndCollection_V4.html,"Collection and project-state sources",Timing and truth workflow,"No field qualification",Keep truth post hoc,Strong,Current infrastructure,Technical reference,Yes,,,Cross-link to Report 03,P2,Original or source-backed only; no decorative replacement recommended.
VIS-10,Synthetic target declaration,"02A","Declared-truth construction",02A_SyntheticEchoGeneration_V1.html,"SyntheticHDTVSimulation code and manifests",Synthetic target declaration,"Declared truth fields",Declare target before replay,Strong,Mixed,Yes,Yes,,,Bundle retained original/derived evidence,P1,Original or source-backed only; no decorative replacement recommended.
VIS-11,Target geometry,"02A","Geographic and delay-Doppler placement",02A_SyntheticEchoGeneration_assets,"Accepted atlas and generator evidence",Target geometry,"-76.456 microseconds, +540.5 Hz",Inspect support before interpretation,Strong,Current accepted diagnostic,Yes,Yes,,,Bundle atlas visuals,P1,Original or source-backed only; no decorative replacement recommended.
VIS-12,Before/after injection,"02A","Source-derived channel-contract schematic",02A native HTML channel-contract schematic,"No recoverable raw matched pair",Before/after injection,"Not applicable",Do not fabricate visual,Strong,Current explanatory,No,Yes,Original raw before/after injection pair,Unrecovered original only,Record known gap; retain labelled schematic,P2,Original or source-backed only; no decorative replacement recommended.
VIS-13,Passive map formation,"03","G1-G10 gate architecture",03_AnalysisPipelineAndGateRebuild.html,"Report 03 and passive pipeline sources",Passive map formation,"G1-G10",Protect downstream claims,Strong,Current process,Yes,Yes,,,Use original report figure,P1,Original or source-backed only; no decorative replacement recommended.
VIS-14,Direct-path cancellation,"04","Cancellation characterization graphic",04_MitigationAndMapRateRecovery_V2.html,"Cancellation characterization bundle",Direct-path cancellation,"9/9 native-first map controls",Review bounded correction only,Strong,Current diagnostic,Yes,Yes,,,Use original report figure,P1,Original or source-backed only; no decorative replacement recommended.
VIS-15,Map-rate mismatch,"04","Corrected map-rate and R5A comparison",04_MitigationAndMapRateRecovery_V2.html,"G4-R diagnosis/checkpoint/matrix evidence",Map-rate mismatch,"59/108 R5A failures",Retain R5A failure,Strong,Current diagnostic,Yes,Yes,,,Use original report figure,P1,Original or source-backed only; no decorative replacement recommended.
VIS-16,Detector support,"05","Support-policy and CFAR placement",05_StrongestEvidence_G4RRecoveryStudy.html,"Atlas policy and CFAR artifacts",Detector support,"Configured Pfa context",Do not call exclusion a miss,Strong,Current diagnostic,Yes,Yes,,,Use original atlas figure,P1,Original or source-backed only; no decorative replacement recommended.
VIS-17,Bounded recovery,"05","Paired native-first/no-mitigation atlas outcomes",G4_R_Close_Target_Atlas_Recovery summary.html,"C:\Users\pwilliam\agenticProjects\PassiveBistaticRestart\artifacts\20260622T102123\G4_R_Close_Target_Atlas_Recovery\20260918T134014380Z\summary.html",Bounded recovery,"8/8 versus 0/8",Retain bounded diagnostic conclusion,Strong,Current diagnostic,Yes,Yes,,,Use original atlas figure,P1,Original or source-backed only; no decorative replacement recommended.
VIS-18,Current blockers,"06","Independent blocker and action view",06_StatusAndFutureWork_V2.html,"Report 06 and hardware/map blocker evidence",Current blockers,"Two blockers",Keep independent blockers,Strong,Current status,Yes,Yes,,,Use original status figure,P1,Original or source-backed only; no decorative replacement recommended.
VIS-19,Future measurement and localization path,"01, 03, 06","Measurement-to-tracking-to-localization path",01/03/06 release-local continuity block,"Reports 01, 03, and 06",Future measurement and localization path,"No validated measurement yet",Do not infer tracking/localization,Strong,Current boundary,Yes,Yes,,,Use release-local glue block only,P2,Original or source-backed only; no decorative replacement recommended.
VIS-20,System architecture and as-built status,"SYS companion","Functional architecture with as-built status",systems/SystemArchitectureAndCueTasking_V1.html (inline SVG),"docs/system System_Architecture.md, ICD_Messages.md, As_Built.md",Which items exist and which link is verified,"One verified link",Separate designed from built,Strong,Current,Yes,Yes,,,Keep inline and update with As_Built,P1,Source-backed schematic; no performance content.
VIS-21,Message size before and after CR-5,"SYS companion","Median bytes per message",systems/SystemArchitectureAndCueTasking_assets/fig_message_size.svg,"docs/system/evidence captures 20260926T1234Z and T1523Z",Why compression was needed,"7,962 B to 681 B per cue",Justify the encoding decision,Strong,Current,Yes,Yes,,,Regenerate with summarize_cue_capture.py,P1,Measured message sizes.
VIS-22,One-frame fit of every cue,"SYS companion","track_cue bytes against opportunities",systems/SystemArchitectureAndCueTasking_assets/fig_cue_size_vs_opportunities.svg,"docs/system/evidence capture 20260926T1523Z",Whether every cue fits one frame,"0 of 223 over 1472 B; max 747 B",Accept the interface,Strong,Current,Technical reference,Yes,,,Regenerate with summarize_cue_capture.py,P2,Measured message interface; not radar evidence.
VIS-23,Live capture timeline,"SYS companion","What arrived, and when",systems/SystemArchitectureAndCueTasking_assets/fig_capture_timeline.svg,"docs/system/evidence capture 20260926T1523Z",Snapshot and heartbeat regularity,"15 snapshots consistent",Accept the interface,Strong,Current,Technical reference,Yes,,,Regenerate with summarize_cue_capture.py,P2,Measured message interface; not radar evidence.
