EngineeringTopic,OwnerReport,HumanReadablePurpose,TopLevelCodeEntry,RepositoryBranch,SupportingFunctions,InputArtifacts,OutputArtifacts,FiguresProduced,ReportLinkPresent,LinkQuality,ExecutionStatus,MissingNavigation,RecommendedChange,Priority,Notes
Illuminator selection,01A,"Screen candidate tower/channel and geometry assumptions.",C:\Users\pwilliam\OneDrive - MathWorks\Documents\SFTT\Customers\FlightTest\LinkBudget\FlightTest_Bistatic_RadarAndCommsAnalysis.mlx,Current local working tree,"Radio_Tower_List.txt and saved RabbitEars parser","Tower lists, geography, candidate channels",Modeled candidate cases,01A maps,Release metadata link,Strong,Inspected only,,Record release-local code link and execution status; do not claim execution.,P1,Code was navigated from inventories and project artifacts; no execution is claimed.
Link budget,01A,"Model historical target/direct-path conditions.",C:\Users\pwilliam\OneDrive - MathWorks\Documents\SFTT\Customers\FlightTest\LinkBudget\FlightTest_Bistatic_RadarAndCommsAnalysis.mlx,Current local working tree,"helperPathlossOverTerrain.m and helperRadarCoverageTargetGrid.m","Historical transmitter/target assumptions",Link-budget outputs,01A modeled coverage,Release metadata link,Strong,Inspected only,,Record release-local code link and execution status; do not claim execution.,P1,Code was navigated from inventories and project artifacts; no execution is claimed.
Site Viewer analysis,01A,"Inspect local buildings and terrain context.",C:\Users\pwilliam\OneDrive - MathWorks\Documents\SFTT\Customers\FlightTest\LinkBudget\AppleHill_CustomizeBuildingsForRayTracingAnalysisExample.mlx,Current local working tree,"applehill.osm","Apple Hill OSM geometry",Geometry visualization,01A geometry image,Release metadata link,Strong,Inspected only,,Record release-local code link and execution status; do not claim execution.,P2,Code was navigated from inventories and project artifacts; no execution is claimed.
RF budget,01B,"Reason about cascade losses, headroom, and component choices.",C:\Users\pwilliam\OneDrive - MathWorks\Documents\SFTT\Customers\FlightTest\RFBudget\RFBudget_Newton.m,Current local working tree,"RFBudget_Comparative_Analysis.m and vendor S2P","Historical signal cases and component data",Cascade comparisons,01B cascade figures,Release metadata link,Strong,Inspected only,,Record release-local code link and execution status; do not claim execution.,P1,Code was navigated from inventories and project artifacts; no execution is claimed.
Hardware characterization,02,"Inspect installed-chain and qualification context.",C:\Users\pwilliam\OneDrive - MathWorks\Documents\SFTT\Customers\FlightTest\SystemPrechecks\RFBudget\RFBudgetModel_Newton.m,Current local working tree,"Hardware photos, hardwareCheck.md, and manifests","Hardware records and collection metadata",Qualification evidence,02 hardware figures,Release metadata link,Strong,Referenced only,,Record release-local code link and execution status; do not claim execution.,P1,Code was navigated from inventories and project artifacts; no execution is claimed.
Coordinated collection,02,"Coordinate collection and package creation.",C:\Users\pwilliam\OneDrive - MathWorks\Documents\SFTT\Customers\FlightTest\TestSetupTesting\runCoordinatedHDTVCapture.m,Current local working tree,"runLocalHDTVCapture.m and synchronization helpers","N320, ADS-B, GPS, and capture configuration",Capture package,02 package/replay figures,Release metadata link,Strong,Referenced only,,Record release-local code link and execution status; do not claim execution.,P1,Code was navigated from inventories and project artifacts; no execution is claimed.
Synthetic target generation,02A,"Create declared synthetic truth and real-background echo cases.",C:\Users\pwilliam\agenticProjects\flightTest_SynthDataBranch\SyntheticHDTVSimulation\generateRealBackgroundSyntheticSuite.m,Current local working tree,"helperSyntheticGenerateTruth.m and echo helpers","Declared trajectory, background, and echo conditions",Synthetic package and truth,02A declaration/placement,Release metadata link,Strong,Inspected only,,Record release-local code link and execution status; do not claim execution.,P1,Code was navigated from inventories and project artifacts; no execution is claimed.
Package generation,02A,"Build reviewable synthetic packages and manifests.",C:\Users\pwilliam\agenticProjects\flightTest_SynthDataBranch\SyntheticHDTVSimulation\generateSyntheticHDTVSession.m,Current local working tree,"seedBackedSyntheticHDTVSessionWalkthrough.m","Seed or real-background configuration",Manifest and validation artifacts,02A validation figures,Release metadata link,Strong,Inspected only,,Record release-local code link and execution status; do not claim execution.,P2,Code was navigated from inventories and project artifacts; no execution is claimed.
Pipeline entry point,03,"Form passive maps under gate controls.",C:\Users\pwilliam\agenticProjects\PassiveBistaticRestart\runG4PassiveBaselineMap.m,Current local working tree,"G1-G3 helpers and G4 verification","Dual-channel package and gate configuration",Passive maps and gate records,03 gate figure,Release metadata link,Strong,Inspected only,,Record release-local code link and execution status; do not claim execution.,P1,Code was navigated from inventories and project artifacts; no execution is claimed.
R1 through R5A,04,"Diagnose and evaluate map-rate/cancellation remediation.",C:\Users\pwilliam\agenticProjects\PassiveBistaticRestart\runG4RMapRateMatrix.m,Current local working tree,"helperAnalyzeG4MapRateValidity.m and cancellation helpers","Frozen R4 contract and paired conditions",R1-R5A metrics and decisions,04 recovery figures,Release metadata link,Strong,Inspected only,,Record release-local code link and execution status; do not claim execution.,P1,Code was navigated from inventories and project artifacts; no execution is claimed.
G4-R atlas generation,05,"Run the close-target atlas/recovery study.",C:\Users\pwilliam\agenticProjects\PassiveBistaticRestart\runG4RCloseTargetAtlasRecoveryStudy.m,Current local working tree,"helperEvaluateG4RCloseTargetCondition.m and atlas manifest helpers","Atlas condition manifest and accepted compact evidence",Atlas outcomes and walkthrough,05 atlas figures,Release metadata link,Strong,Inspected only,,Record release-local code link and execution status; do not claim execution.,P1,Code was navigated from inventories and project artifacts; no execution is claimed.
Detector replay,05,"Replay diagnostic detector conditions.",C:\Users\pwilliam\agenticProjects\PassiveBistaticRestart\helperReplayG6DDetector.m,Current local working tree,"helperReplayG6DRepresentativeDetection.m","Stored map/candidate configuration",Diagnostic candidate view,05 diagnostic views,Release metadata link,Strong,Inspected only,,Record release-local code link and execution status; do not claim execution.,P2,Code was navigated from inventories and project artifacts; no execution is claimed.
Truth association,05,"Associate truth only after candidate generation.",C:\Users\pwilliam\agenticProjects\PassiveBistaticRestart\helperClassifyTruthEvaluation.m,Current local working tree,"atlas outcome tables and post-hoc association records","Candidate list and withheld truth",Post-hoc association,05 outcomes,Release metadata link,Strong,Inspected only,,Record release-local code link and execution status; do not claim execution.,P2,Code was navigated from inventories and project artifacts; no execution is claimed.
Field-qualification scripts and plans,06,"Plan and execute reference-chain/collection qualification.",C:\Users\pwilliam\OneDrive - MathWorks\Documents\SFTT\Customers\FlightTest\hardwareCheck.md,Current local working tree,"projectProvenanceUpdate.md and capture plans","Hardware mapping, lock/drop, and ADS-B criteria",Field-readiness decision,06 blocker/action figures,Release metadata link,Strong,Referenced only,,Record release-local code link and execution status; do not claim execution.,P1,Code was navigated from inventories and project artifacts; no execution is claimed.
ADS-B cue tasking (CT),System section (SDR-CT); installed state in 02,Publish per-aircraft cues with modeled illuminator opportunities.,https://github.com/lhilleMAT2022/ADSB-remoter/blob/55062fc8a4ccacbcb7cedb5dfe8cdbe7a23c8f21/src/adsb_console/cue.py,ADSB-remoter feature/passive-radar-cueing @ 55062fc,"prediction.py, bistatic.py, cue_config.py, app.py --headless, deploy/, schemas/ 2.0.0 and dictionaries/","dump1090 SBS, DTV emitter table, observer INI, cue config",CT 2.0.0 UDP multicast datagrams,SDR-CT Figures 2-4,Release metadata link,Strong,Inspected; 81 tests re-run 2026-09-26,,Record the commit deployed on the Pi in As_Built.md at each update.,P1,Deployed on the ADS-B Pi as systemd adsb-cue.
Cue capture and verification,System section (SDR-CT),Decode and validate the cue stream and summarise gaps and sizes.,https://github.com/lhilleMAT2022/ADSB-remoter/blob/55062fc8a4ccacbcb7cedb5dfe8cdbe7a23c8f21/tools/cue_capture.py,ADSB-remoter feature/passive-radar-cueing @ 55062fc,tools/cue_decode.py; tools/build_cue_dictionary.py,Live multicast stream,docs/system/evidence/*_wire.jsonl and *_summary.json,SDR-CT Figures 2-4,Release metadata link,Strong,Inspected only,,Keep raw wire bytes for every verification capture.,P1,Evidence files live on flightTest main under docs/system/evidence/.
Cue reception (RM first piece),System section (SDR-CT),Receive and rank cues in MATLAB; no tasking.,https://github.com/pwilliamMAT/flightTest/tree/94bf9247fc9384fd0601e7ef4654f2a1630485c6/CueListener,flightTest feature/adsb-cue-listener @ 94bf924,"runCueListener.m, plotCueWindows.m, dictionaries/",CT multicast stream or JSONL log,Active cues and opportunity windows,SDR-CT section 8,Release metadata link,Strong,Inspected; 16 tests re-run 2026-09-26,Code stays on its branch pending review.,Pat to review feature/adsb-cue-listener; link the branch or pinned commit 94bf924.,P1,Java MulticastSocket and java.util.zip; compiled-app probe in docs/system/analysis/deployability/.
System documents,System section; 02; 06,"Architecture, requirements (draft), ICD, as-built, change requests, verification log.",https://github.com/pwilliamMAT/flightTest/tree/main/docs/system,flightTest main,analysis/ scripts and deployability probe,Owner decisions and captures,Controlled documents,System section pages,Release metadata link,Strong,Inspected only,,"Merge the 2026-09-26 proposals (Requirements.md, CR-9, CR-10) before promoting the section.",P1,Master copy since 2026-09-26.
Cue-interface figure generation,System section (SDR-CT),Reproduce the CT 2.0.0 acceptance numbers and draw SDR-CT Figures 2-4.,https://github.com/pwilliamMAT/flightTest/blob/main/docs/system/analysis/summarize_cue_capture.py,flightTest main (proposed 2026-09-26),Python standard library; optional jsonschema,docs/system/evidence captures and dictionary 1,SVG figures and cue_capture_summary.json,SDR-CT Figures 2-4,Release metadata link,Strong,Executed 2026-09-26,,Re-run after any new verification capture.,P1,Cross-checks the committed capture summary.
