CatalogID,ReportID,EngineeringQuestion,Result,ImportantMetric,WhyItMatters,EngineeringDecision,StillUnknown,EvidenceID,EvidenceClass,CurrentOrHistorical,OriginalSource,OriginalFigure,ReleaseAsset,CodeEntryPoint,MainStorySuitability,TechnicalReferenceSuitability,ClaimBoundary,KnownDiscrepancy,Notes
CAT-01,01,"Why is the project worth pursuing?","A disciplined measurement-first North Star prevents unsupported tracking and localization claims.",No operational performance metric; claim boundary is the governing result.,The result provides the engineering input or boundary required by the next report.,"Pursue a measurement-evidence program before downstream performance claims.","No validated aircraft measurement, tracking, or localization performance.",Report-level evidence; see bundled source inventory.,Conceptual boundary,Current framing,C:\Users\pwilliam\OneDrive - MathWorks\Documents\SFTT\Customers\FlightTest\ManagerReport\01_NorthStarAndMotivation_V2.html,Report 01 executive/gate visuals,../reports/01_NorthStarAndMotivation_V2.html,C:\Users\pwilliam\OneDrive - MathWorks\Documents\SFTT\Customers\FlightTest\LinkBudget\FlightTest_Bistatic_RadarAndCommsAnalysis.mlx,Yes,Yes,Motivation is not a field-performance claim.,"Six-report legacy index does not represent the nine-report family.",Canonical release summary row; detailed evidence remains report-owned.
CAT-01A,01A,"How were the illuminator, channel, receiver site, and observation geometry investigated?","Historical Hudson/Newton target-region comparison: 69.91 dB versus 57.78 dB modeled FOV SNR.",69.91 dB Hudson versus 57.78 dB Newton modeled FOV SNR.,The result provides the engineering input or boundary required by the next report.,"Carry historical illumination cases into RF design without claiming current configuration selection.","Current transmitter configuration, field direct path, and qualified reference path.",Report-level evidence; see bundled source inventory.,Historical model,Historical,C:\Users\pwilliam\OneDrive - MathWorks\Documents\SFTT\Customers\FlightTest\ManagerReport\01A_IlluminatorSelection_V4.html,01A retained maps,../reports/01A_IlluminatorSelection_V4.html,C:\Users\pwilliam\OneDrive - MathWorks\Documents\SFTT\Customers\FlightTest\LinkBudget\FlightTest_Bistatic_RadarAndCommsAnalysis.mlx,Yes,Yes,Historical models do not establish installed transmitter or reference-path adequacy.,"Historical model preference is not prototype configuration selection.",Canonical release summary row; detailed evidence remains report-owned.
CAT-01B,01B,"How did predicted signal conditions drive the receive-chain design?","Historical RF evidence identifies cable, impedance, filtering, low-noise gain, and N320 headroom as one design problem.",Vendor S21 is -0.7335926 dB at 599 MHz; historical cascade uses 20 dB LANA context.,The result provides the engineering input or boundary required by the next report.,"Treat RF architecture as a designed model requiring installed qualification.","Installed end-to-end RF response, lock, transport integrity, and reference adequacy.",Report-level evidence; see bundled source inventory.,Historical model,Historical,C:\Users\pwilliam\OneDrive - MathWorks\Documents\SFTT\Customers\FlightTest\ManagerReport\01B_ReceiveChainDesign_V2.html,01B retained RF visuals,../reports/01B_ReceiveChainDesign_V2.html,C:\Users\pwilliam\OneDrive - MathWorks\Documents\SFTT\Customers\FlightTest\RFBudget\RFBudget_Newton.m,Yes,Yes,Modeled RF choices do not establish installed performance or qualification.,"Frequency, filter-loss, and target-level model differences are unresolved historical inputs.",Canonical release summary row; detailed evidence remains report-owned.
CAT-02,02,"What physical hardware and collection infrastructure were built?","Fifteen-part packages at 599 MHz and 6.144 MS/s establish collection/replay infrastructure, not qualification.",15 packages; 599 MHz; 6.144 MS/s.,The result provides the engineering input or boundary required by the next report.,"Use collection packages as reproducible infrastructure while retaining qualification gaps.","Channel-role proof, lock/drop evidence, collection suitability, GPS/PPS lock of the ADS-B time source (internet NTP accepted with a 0.1 s tolerance), and the Pi clock offset of ADS-B truth before 2026-09-25 21:07 UTC.",Report-level evidence; see bundled source inventory.,Infrastructure,Current infrastructure,C:\Users\pwilliam\OneDrive - MathWorks\Documents\SFTT\Customers\FlightTest\ManagerReport\02_HardwareAndCollection_V4.html,02 deployment/package visuals,../reports/02_HardwareAndCollection_V5.html,C:\Users\pwilliam\OneDrive - MathWorks\Documents\SFTT\Customers\FlightTest\TestSetupTesting\runCoordinatedHDTVCapture.m,Yes,Yes,Infrastructure is not radar performance or collection qualification.,"Infrastructure evidence is not collection readiness.",Canonical release summary row; detailed evidence remains report-owned.
CAT-02A,02A,"How are known aircraft-like echoes created inside real recordings, and why is synthetic truth useful?","The 15 km anchor is -76.456 microseconds and +540.5 Hz; declared truth supports bounded paired replay.",-76.456 microseconds; +540.5 Hz; 8/8 diagnostic recovery is owned by Report 05.,The result provides the engineering input or boundary required by the next report.,"Use declared truth post hoc only; do not steer detector generation with it.","Calibrated RCS, live-aircraft performance, and operational false-alarm behavior.",Report-level evidence; see bundled source inventory.,Controlled synthetic,Mixed,C:\Users\pwilliam\OneDrive - MathWorks\Documents\SFTT\Customers\FlightTest\ManagerReport\02A_SyntheticEchoGeneration_V1.html,02A truth/placement visuals,../reports/02A_SyntheticEchoGeneration_V1.html,C:\Users\pwilliam\agenticProjects\flightTest_SynthDataBranch\SyntheticHDTVSimulation\generateRealBackgroundSyntheticSuite.m,Yes,Yes,Synthetic truth is not a live-aircraft result or operational performance.,"Seed-backed and real-background modes are distinct.",Canonical release summary row; detailed evidence remains report-owned.
CAT-03,03,"How does the analysis pipeline operate, and what does each gate protect?","G1 through G10 prevent diagnostics from becoming formal measurements without evidence gates.",G1-G10 gate chain; formal downstream gates remain disabled.,The result provides the engineering input or boundary required by the next report.,"Hold downstream detection, tracking, and localization until prerequisite evidence passes.","Passing map, detector, measurement, and tracker contracts.",Report-level evidence; see bundled source inventory.,Process/gate,Current process,C:\Users\pwilliam\OneDrive - MathWorks\Documents\SFTT\Customers\FlightTest\ManagerReport\03_AnalysisPipelineAndGateRebuild.html,03 gate visual,../reports/03_AnalysisPipelineAndGateRebuild.html,C:\Users\pwilliam\agenticProjects\PassiveBistaticRestart\runG4PassiveBaselineMap.m,Yes,Yes,Pipeline implementation does not satisfy disabled downstream gates.,"Implementation is not a released detector/tracker measurement contract.",Canonical release summary row; detailed evidence remains report-owned.
CAT-04,04,"Why did map-rate and mitigation recovery become necessary, and what was learned?","The formal R5A matrix failed overall: 59 of 108 rows violated at least one frozen criterion.",59/108 R5A rows violated one or more frozen criteria.,The result provides the engineering input or boundary required by the next report.,"Retain failed R5A and review only bounded upstream correction behavior.","Whether reviewed correction passes controlled R4 verification and a separately authorized replacement matrix.",Report-level evidence; see bundled source inventory.,Diagnostic recovery,Current diagnostic,C:\Users\pwilliam\OneDrive - MathWorks\Documents\SFTT\Customers\FlightTest\ManagerReport\04_MitigationAndMapRateRecovery_V2.html,04 recovery visuals,../reports/04_MitigationAndMapRateRecovery_V2.html,C:\Users\pwilliam\agenticProjects\PassiveBistaticRestart\runG4RMapRateMatrix.m,Yes,Yes,R4 bounded success does not erase formal R5A failure.,"R4 pilot pass does not override R5A matrix failure.",Canonical release summary row; detailed evidence remains report-owned.
CAT-05,05,"What is the strongest current experimental evidence?","Native-first frozen NLMS associated 8/8 injected targets; no mitigation associated 0/8 under the fixed diagnostic setup.",8/8 native-first frozen-NLMS versus 0/8 no-mitigation target associations.,The result provides the engineering input or boundary required by the next report.,"Treat recovery as controlled synthetic diagnostic evidence, not operational performance.","Operational Pd/Pfa, live-aircraft detection, product selection, tracking, and localization.",Report-level evidence; see bundled source inventory.,Controlled diagnostic,Current diagnostic,C:\Users\pwilliam\OneDrive - MathWorks\Documents\SFTT\Customers\FlightTest\ManagerReport\05_StrongestEvidence_G4RRecoveryStudy.html,05 atlas visuals,../reports/05_StrongestEvidence_G4RRecoveryStudy.html,C:\Users\pwilliam\agenticProjects\PassiveBistaticRestart\runG4RCloseTargetAtlasRecoveryStudy.m,Yes,Yes,Controlled synthetic association is not live-aircraft detection or operational Pd/Pfa.,"Support exclusion is not a detector miss; configured Pfa is not operational Pfa.",Canonical release summary row; detailed evidence remains report-owned.
CAT-06,06,"Where does the project stand, and what should happen next?",Map-contract verification and collection/reference qualification remain independent blockers; the ADS-B cue interface is verified as infrastructure only.,Two independent blockers; four bounded management actions.,The result provides the engineering input or boundary required by the next report.,"Authorize bounded evidence actions before any replacement R5A decision.","Passing map-contract correction, reviewed collection/reference-path qualification, an accepted truth-separation rule for cued collections, and a first collection scheduled from an ADS-B cue.",Report-level evidence; see bundled source inventory.,Status/decision,Current status,C:\Users\pwilliam\OneDrive - MathWorks\Documents\SFTT\Customers\FlightTest\ManagerReport\06_StatusAndFutureWork_V2.html,06 blocker/action visuals,../reports/06_StatusAndFutureWork_V3.html,C:\Users\pwilliam\agenticProjects\PassiveBistaticRestart\G4RMapRateValidityPlan.md,Yes,Yes,Status recommendations do not authorize unreviewed follow-on work.,"No downstream claim is enabled by diagnostic evidence.",Canonical release summary row; detailed evidence remains report-owned.
